full_name,url,language,stars,created_at,days_inactive,lot,code_churn_normalized,pr_merge_time_median_h,issues_resolution_time_h,active_contributors,bus_factor_ratio,pr_count_merged,comment_per_pr_avg,closed_issues,review_cycle_count,has_ci,ci_success_rate,has_tests,weighted_experience,commit_velocity_trend,release_regularity,weekend_commit_ratio,dependency_count,language_diversity,avg_file_size_loc,total_commits,net_loc,churn_loc,active_days,churn_hours,cycle_time_hours,cocomo_pm,cocomo_hours,effort_target,reliability_score
avelino/awesome-go,https://github.com/avelino/awesome-go,Go,170874,2014-07-06T13:42:15Z,1,3,160.06,0.3088888888888889,33.933055555555555,431,0.0912,63,0.0,1,1.0,1,0.22,0,14.392,0.9965,0.0,0.23,0,0.0,0.0,2523,126150,201840,1261,13456.0,133.1,385.61,61696.8,19107.3,84.0
ollama/ollama,https://github.com/ollama/ollama,Go,169879,2023-06-26T19:39:32Z,0,3,160.0,1.4068055555555556,7.723333333333334,455,0.2498,74,0.0,1,1.0,1,0.46,0,13.896,-0.1573,1.8,0.07,0,0.3529,0.0,5160,258000,412800,2580,27520.0,640.1,817.36,130777.2,40107.5,82.5
golang/go,https://github.com/golang/go,Go,133626,2014-08-19T04:33:40Z,0,3,160.0,0.0,5.999861111111111,381,0.1284,0,0.0,1,0.0,1,0.087,1,14.207,0.3951,0.0,0.01,0,0.1005,0.0,58902,2945100,4712160,29451,314144.0,0.0,10538.2,1686111.4,494294.3,88.7
kubernetes/kubernetes,https://github.com/kubernetes/kubernetes,Go,121898,2014-06-06T22:56:04Z,0,3,160.0,2.3833333333333333,10.20111111111111,347,0.2948,71,0.0,1,4.0,1,0.62,1,11.096,-12.6014,10.48,0.0,0,0.025,0.0,90903,4545150,7272240,45451,484816.0,827.0,16620.22,2659235.8,774503.3,87.1
fatedier/frp,https://github.com/fatedier/frp,Go,106068,2015-12-21T15:24:59Z,10,3,160.11,0.4915277777777778,418.9313888888889,125,0.8394,38,0.0,1,1.0,1,0.98,1,11.873,-0.1434,24.43,0.26,0,0.1965,0.0,1407,70350,112560,703,7504.0,61.4,250.62,40099.6,11790.3,80.8
gin-gonic/gin,https://github.com/gin-gonic/gin,Go,88370,2014-06-16T23:57:25Z,1,3,160.09,30.020138888888887,742.5740277777777,439,0.2555,58,0.0,1,1.0,1,0.9,0,14.361,-0.4406,142.39,0.47,0,0.0045,0.0,1773,88650,141840,886,9456.0,13178.8,266.24,42598.5,17201.3,82.4
gohugoio/hugo,https://github.com/gohugoio/hugo,Go,87750,2013-07-04T15:26:26Z,0,3,160.02,14.227777777777778,11.524166666666666,416,0.6656,55,0.0,1,1.0,1,0.94,0,14.968,0.2483,10.39,0.19,0,0.0532,0.0,8553,427650,684240,4276,45616.0,5918.8,1389.49,222317.7,69047.2,78.3
syncthing/syncthing,https://github.com/syncthing/syncthing,Go,83039,2013-11-26T09:48:21Z,0,3,160.0,6.546944444444445,4.07,339,0.5757,57,0.0,1,1.0,1,0.9,1,15.049,0.1259,8.53,0.13,0,0.1547,0.0,7898,394900,631840,3949,42122.7,2219.4,1277.98,204476.2,62622.4,84.2
junegunn/fzf,https://github.com/junegunn/fzf,Go,79762,2013-10-23T16:04:23Z,3,3,160.05,3.3533333333333335,41.794444444444444,307,0.8381,60,0.0,1,2.0,1,0.44,1,14.657,0.0594,20.48,0.6,0,0.3427,0.0,3477,173850,278160,1738,18544.0,1029.5,648.0,103680.2,30316.9,81.4
jesseduffield/lazygit,https://github.com/jesseduffield/lazygit,Go,76969,2018-05-19T00:53:06Z,2,3,160.0,17.07,14.956944444444444,357,0.4618,70,0.0,1,3.0,1,0.12,1,12.626,1.8217,23.14,0.03,0,0.0045,0.0,6942,347100,555360,3471,37024.0,6094.0,1116.06,178570.0,56054.2,85.2
caddyserver/caddy,https://github.com/caddyserver/caddy,Go,71807,2015-01-13T19:45:03Z,0,3,160.0,7.679444444444444,28.53527777777778,366,0.4754,87,0.0,1,1.0,1,0.54,0,13.868,-0.7832,0.0,0.13,0,0.0206,0.0,2476,123800,198080,1238,13205.3,2810.7,378.07,60490.6,19544.0,80.2
moby/moby,https://github.com/moby/moby,Go,71487,2013-01-18T18:10:57Z,0,3,160.0,55.58861111111111,29.786944444444444,394,0.2627,67,0.0,1,1.0,1,0.38,0,14.322,1.3601,6.89,0.06,0,0.027,0.0,47112,2355600,3768960,23556,251264.0,21901.9,8335.24,1333637.6,398930.1,82.4
nektos/act,https://github.com/nektos/act,Go,70013,2019-01-02T19:53:43Z,6,3,160.21,10.982777777777779,40.78930555555556,199,0.3113,79,0.0,1,1.0,1,0.46,0,9.711,0.0455,16.14,0.25,0,0.1852,0.0,755,37750,60400,377,4026.7,2185.6,108.64,17381.8,6145.4,77.7
base/node,https://github.com/base/node,Go,68613,2023-02-01T13:55:02Z,0,3,160.0,3.002222222222222,750.10375,75,0.2216,63,0.0,1,1.0,1,0.94,0,10.275,0.0874,16.16,0.03,0,0.4269,0.0,176,8800,14080,88,938.7,225.2,23.55,3767.4,1290.4,70.4
prometheus/prometheus,https://github.com/prometheus/prometheus,Go,63756,2012-11-24T11:14:12Z,0,3,160.01,1.9508333333333334,29.22277777777778,349,0.1263,81,0.0,1,1.5,1,0.74,0,12.309,-2.1154,9.94,0.01,0,0.1265,0.0,13305,665250,1064400,6652,70960.0,680.8,2209.76,353561.8,106396.6,83.7
traefik/traefik,https://github.com/traefik/traefik,Go,62853,2015-09-13T19:04:02Z,0,3,160.03,14.862222222222222,97.77583333333334,417,0.2445,90,0.0,1,1.0,1,0.8,0,13.44,0.4196,6.15,0.0,0,0.0767,0.0,5243,262150,419440,2621,27962.7,6197.5,831.17,132986.8,42438.0,82.6
minio/minio,https://github.com/minio/minio,Go,60792,2015-01-14T19:23:58Z,70,3,160.0,0.9033333333333333,2.7594444444444446,409,0.4395,15,0.0,1,1.0,1,0.84,0,14.65,-0.0315,11.87,0.21,0,0.0104,0.0,9882,494100,790560,4941,52704.0,369.5,1617.03,258724.1,78207.7,74.8
usememos/memos,https://github.com/usememos/memos,Go,59147,2021-12-08T15:30:18Z,0,3,160.04,0.7577777777777778,83.27277777777778,348,0.6101,47,0.0,1,1.0,1,0.94,0,8.164,-0.0769,18.77,0.22,0,0.4425,0.0,4129,206450,330320,2064,22021.3,263.7,646.8,103487.3,31787.2,78.9
pocketbase/pocketbase,https://github.com/pocketbase/pocketbase,Go,57881,2022-07-05T06:06:21Z,0,3,160.07,0.9845833333333334,0.6794444444444445,44,0.9754,32,0.0,1,0.0,1,0.96,1,11.735,1.3007,5.79,0.35,0,0.31,0.0,2235,111750,178800,1117,11920.0,43.3,407.43,65188.7,19010.7,80.2
rclone/rclone,https://github.com/rclone/rclone,Go,56829,2014-03-16T16:19:57Z,0,3,160.02,19.478055555555557,169.6988888888889,409,0.6942,16,0.0,1,1.0,1,0.9,0,14.666,-0.3392,23.47,0.13,0,0.0209,0.0,8861,443050,708880,4430,47258.7,7966.5,1442.07,230731.3,72165.6,78.1
go-gitea/gitea,https://github.com/go-gitea/gitea,Go,55086,2016-11-01T02:13:26Z,0,3,160.0,5.228055555555556,3.1013888888888888,396,0.1411,94,0.0,1,2.0,1,0.88,1,13.838,1.2832,11.55,0.23,108,0.1797,0.0,18676,933800,1494080,9338,99605.3,2070.3,3154.84,504774.9,151378.7,88.6
wagoodman/dive,https://github.com/wagoodman/dive,Go,53822,2018-05-13T15:44:01Z,130,3,160.0,27.513333333333332,293.16791666666666,58,0.7075,85,0.0,1,0.0,1,0.92,0,14.473,0.0,185.56,0.08,0,0.0063,0.0,482,24100,38560,241,2570.7,1595.8,81.38,13020.6,4368.2,59.3
etcd-io/etcd,https://github.com/etcd-io/etcd,Go,51628,2013-07-06T21:57:21Z,0,3,160.0,29.95638888888889,318.0602777777778,374,0.2071,77,0.0,1,1.0,1,0.46,1,11.934,-0.958,17.21,0.17,0,0.0416,0.0,21140,1057000,1691200,10570,112746.7,11203.7,3593.27,574923.4,174719.1,87.9
ethereum/go-ethereum,https://github.com/ethereum/go-ethereum,Go,50996,2013-12-26T13:05:46Z,0,3,160.0,13.404583333333335,115.475,443,0.2579,56,0.0,1,2.0,1,0.8,1,14.715,0.4196,19.48,0.07,0,0.1644,0.0,15318,765900,1225440,7659,81696.0,5938.2,2562.08,409932.1,124615.9,87.4
jesseduffield/lazydocker,https://github.com/jesseduffield/lazydocker,Go,50783,2019-05-18T08:53:50Z,5,3,160.19,11.075416666666666,257.1175,77,0.6311,80,0.0,1,1.0,1,0.8,1,11.633,0.2797,109.09,0.53,0,0.0158,0.0,835,41750,66800,417,4453.3,852.8,120.75,19320.6,6346.6,80.8
AlistGo/alist,https://github.com/AlistGo/alist,Go,49353,2020-12-23T17:40:29Z,3,3,160.07,8.009166666666667,193.39916666666667,178,0.6613,53,0.0,1,2.0,1,0.78,0,8.009,0.2238,18.23,0.33,0,0.0049,0.0,2167,108350,173360,1083,11557.3,1425.6,328.69,52589.8,16724.3,78.1
hashicorp/terraform,https://github.com/hashicorp/terraform,Go,48241,2014-03-13T22:25:48Z,0,3,160.01,4.600555555555555,26.302222222222223,349,0.1367,94,0.0,1,1.0,1,0.8,0,17.226,-3.2587,7.89,0.0,0,0.0032,0.0,30185,1509250,2414800,15092,160986.7,1605.6,5222.89,835661.6,248107.4,83.6
gogs/gogs,https://github.com/gogs/gogs,Go,47489,2014-02-12T01:57:08Z,0,3,160.03,24.769583333333333,60.024166666666666,406,0.7014,56,0.0,1,1.0,1,0.6,0,13.224,-2.5105,131.99,0.62,0,0.263,0.0,5643,282150,451440,2821,30096.0,10056.5,1077.45,172391.8,52543.3,78.0
v2ray/v2ray-core,https://github.com/v2ray/v2ray-core,Go,46842,2015-09-04T11:42:53Z,0,3,160.03,3.566666666666667,3023.0068055555557,81,0.7795,61,0.0,1,0.0,1,0.56,0,9.51,0.0,26.02,0.32,0,0.0251,0.0,5307,265350,424560,2653,28304.0,288.9,1010.19,161630.2,46564.7,77.2
coreybutler/nvm-windows,https://github.com/coreybutler/nvm-windows,Go,46087,2014-09-20T16:37:28Z,7,3,160.0,266.91277777777776,774.1055555555556,75,0.7965,51,0.0,1,1.0,1,1.0,0,14.624,-0.0699,253.55,0.17,0,0.2771,0.0,516,25800,41280,258,2752.0,20018.5,87.42,13986.6,10178.9,69.2
mudler/LocalAI,https://github.com/mudler/LocalAI,Go,45777,2023-03-18T22:58:02Z,0,3,160.0,1.2152777777777777,10.671388888888888,187,0.5963,64,0.0,1,1.0,1,0.98,1,9.836,2.2832,10.09,0.24,0,0.3257,0.0,5284,264200,422720,2642,28181.3,227.3,837.99,134079.0,40974.6,84.0
cli/cli,https://github.com/cli/cli,Go,44024,2019-10-03T15:24:53Z,0,3,160.02,24.14638888888889,3.930277777777778,382,0.2125,87,0.0,1,1.0,1,0.88,1,14.292,1.479,8.79,0.01,0,0.004,0.0,9697,484850,775760,4848,51717.3,9223.9,1585.25,253640.7,79354.0,87.9
milvus-io/milvus,https://github.com/milvus-io/milvus,Go,43961,2019-09-16T06:43:43Z,0,3,160.0,4.829722222222222,36.93902777777778,310,0.075,65,0.0,1,1.0,1,0.28,1,8.507,2.8287,6.99,0.02,0,0.4028,0.0,22782,1139100,1822560,11391,121504.0,1497.2,3886.88,621900.9,185581.3,89.2
spf13/cobra,https://github.com/spf13/cobra,Go,43763,2013-09-03T20:40:26Z,8,3,160.16,7.445,49.185,305,0.1552,55,0.0,1,1.0,1,0.7,0,12.292,0.0629,97.7,0.35,0,0.0019,0.0,1031,51550,82480,515,5498.7,2270.7,150.68,24108.6,8252.3,82.8
charmbracelet/bubbletea,https://github.com/charmbracelet/bubbletea,Go,41815,2020-01-10T21:04:03Z,1,3,160.09,2.3344444444444443,349.92569444444445,145,0.4333,56,0.0,1,1.0,1,0.76,0,14.628,-0.0944,25.13,0.09,0,0.0,0.0,1747,87350,139760,873,9317.3,338.5,262.14,41942.8,13148.8,80.6
danielmiessler/Fabric,https://github.com/danielmiessler/Fabric,Go,41020,2024-01-03T23:18:31Z,1,3,160.05,13.52125,17.64763888888889,219,0.3535,58,0.0,1,1.0,1,0.88,0,14.1,-1.8636,2.86,0.14,0,0.2871,0.0,3185,159250,254800,1592,16986.7,2961.2,492.49,78797.9,25141.3,81.4
pingcap/tidb,https://github.com/pingcap/tidb,Go,40020,2015-09-06T04:01:52Z,0,3,160.0,1.2652777777777777,50.88458333333333,392,0.0574,83,0.0,1,3.0,1,0.9,1,12.893,0.8077,22.37,0.11,0,0.0582,0.0,26504,1325200,2120320,13252,141354.7,496.0,4556.24,728998.6,216625.9,89.4
evanw/esbuild,https://github.com/evanw/esbuild,Go,39861,2016-06-14T16:08:50Z,21,3,160.0,15.28361111111111,104.01305555555555,119,0.9577,56,0.0,1,1.0,1,0.94,0,15.57,-0.0944,19.41,0.25,0,0.2475,0.0,4420,221000,353600,2210,23573.3,1818.7,833.69,133390.3,39010.3,73.7
go-gorm/gorm,https://github.com/go-gorm/gorm,Go,39706,2013-10-25T08:31:38Z,32,3,160.06,12.725277777777778,720.1322222222223,421,0.7058,67,0.0,1,1.5,1,1.0,1,17.395,0.028,447.92,0.27,0,0.0013,0.0,2689,134450,215120,1344,14341.3,5357.3,494.74,79159.2,24609.7,80.3
gofiber/fiber,https://github.com/gofiber/fiber,Go,39640,2020-01-16T03:59:20Z,0,3,160.04,0.5344444444444445,46.73416666666667,404,0.3439,25,0.0,1,1.0,1,0.8,0,10.824,-2.0734,41.75,0.26,0,0.001,0.0,4155,207750,332400,2077,22160.0,215.9,651.07,104171.6,31979.1,81.6
photoprism/photoprism,https://github.com/photoprism/photoprism,Go,39569,2018-01-27T12:00:15Z,0,3,160.0,14.398055555555555,229.13416666666666,183,0.7985,74,0.0,1,1.5,1,1.0,0,15.024,-2.1224,51.09,0.34,2,0.2021,0.0,12510,625500,1000800,6255,66720.0,2634.8,2485.6,397695.9,113689.6,77.0
istio/istio,https://github.com/istio/istio,Go,38148,2016-11-18T23:57:21Z,0,3,160.01,1.1677777777777778,57.33097222222222,366,0.1741,78,0.0,1,1.0,1,1.0,1,11.848,1.3846,8.59,0.09,0,0.0195,0.0,22985,1149250,1838800,11492,122586.7,427.4,3923.25,627720.7,186965.7,88.3
XTLS/Xray-core,https://github.com/XTLS/Xray-core,Go,37773,2020-11-09T11:23:10Z,0,3,160.0,29.721944444444443,2.330277777777778,209,0.2943,69,0.0,1,1.0,1,0.88,0,7.569,0.4196,15.03,0.38,0,0.003,0.0,1376,68800,110080,688,7338.7,6211.9,204.02,32643.7,12061.7,82.1
juanfont/headscale,https://github.com/juanfont/headscale,Go,37741,2020-06-21T09:21:05Z,1,3,160.04,19.54111111111111,64.9713888888889,226,0.5125,90,0.0,1,1.0,1,0.38,0,16.162,0.5175,29.48,0.08,0,0.0161,0.0,3889,194450,311120,1944,20741.3,4416.3,607.38,97180.6,31131.7,79.8
docker/compose,https://github.com/docker/compose,Go,37315,2013-12-09T11:40:58Z,1,3,160.03,5.426527777777778,46.431666666666665,246,0.2883,72,0.0,1,2.0,1,0.36,0,15.248,0.3601,9.22,0.01,0,0.0301,0.0,5155,257750,412400,2577,27493.3,1334.9,816.53,130644.1,40275.9,82.0
hashicorp/vault,https://github.com/hashicorp/vault,Go,35488,2015-02-25T00:15:59Z,0,3,160.0,2.6394444444444445,21.46458333333333,388,0.199,53,0.0,1,3.0,1,0.44,0,14.044,0.9755,12.92,0.0,0,0.3229,0.0,20370,1018500,1629600,10185,108640.0,1024.1,3455.97,552955.7,165218.4,83.0
harness/harness,https://github.com/harness/harness,Go,35194,2014-02-07T07:54:44Z,0,3,160.04,6.585,475.27777777777777,74,0.0958,77,0.0,1,1.5,1,0.04,1,6.822,-0.5699,34.85,0.04,0,0.4068,0.0,3947,197350,315760,1973,21050.7,487.3,616.89,98703.0,30412.1,89.0
1Panel-dev/1Panel,https://github.com/1Panel-dev/1Panel,Go,35148,2022-07-19T15:44:52Z,0,3,160.03,0.31583333333333335,10.756388888888889,106,0.4481,3,0.0,1,1.0,1,0.96,0,7.135,0.2622,8.87,0.0,0,0.3452,0.0,4651,232550,372080,2325,24805.3,33.5,732.91,117266.3,35866.0,80.5
schollz/croc,https://github.com/schollz/croc,Go,34756,2017-10-17T15:20:18Z,10,3,160.08,3.4072222222222224,190.04611111111112,116,0.8766,67,0.0,1,1.0,1,0.9,0,12.107,-0.0629,32.26,0.22,0,0.1,0.0,2083,104150,166640,1041,11109.3,395.2,378.39,60541.7,17781.5,75.4
aquasecurity/trivy,https://github.com/aquasecurity/trivy,Go,34683,2019-04-11T01:01:07Z,0,3,160.0,16.038055555555555,24.474722222222223,443,0.263,79,0.0,1,1.0,1,0.92,0,9.071,-0.6573,256.44,0.07,0,0.0135,0.0,3338,166900,267040,1669,17802.7,7104.9,517.36,82777.1,27588.2,82.4
filebrowser/filebrowser,https://github.com/filebrowser/filebrowser,Go,34443,2015-09-11T21:21:58Z,0,3,160.0,2.7941666666666665,92.62041666666667,224,0.7038,69,0.0,1,1.0,1,0.96,0,11.853,-0.3636,3.92,0.8,0,0.5772,0.0,2620,131000,209600,1310,13973.3,625.9,481.42,77027.8,22580.0,78.0
wailsapp/wails,https://github.com/wailsapp/wails,Go,33832,2018-12-15T23:14:06Z,0,3,160.0,15.804722222222223,51.446666666666665,308,0.7647,41,0.0,1,1.0,1,0.46,0,12.967,0.2413,5.59,0.36,0,0.3125,0.0,3596,179800,287680,1798,19178.7,4867.9,671.31,107409.2,32531.6,77.4
v2fly/v2ray-core,https://github.com/v2fly/v2ray-core,Go,33776,2019-04-15T10:05:54Z,2,3,160.0,3.4837499999999997,223.36222222222221,148,0.6378,66,0.0,1,1.0,1,0.92,0,9.889,-0.2622,12.68,0.31,0,0.0017,0.0,6486,324300,518880,3243,34592.0,515.6,1039.22,166274.5,50705.6,78.5
glanceapp/glance,https://github.com/glanceapp/glance,Go,33729,2024-04-27T18:55:38Z,135,3,160.0,45.21388888888889,24.323055555555555,70,0.8373,61,0.0,1,1.0,1,0.94,0,11.677,0.0,16.53,0.21,0,0.4446,0.0,848,42400,67840,424,4522.7,3165.0,147.27,23563.9,7923.6,63.1
AdguardTeam/AdGuardHome,https://github.com/AdguardTeam/AdGuardHome,Go,33676,2016-07-06T10:31:47Z,0,3,160.04,33.93097222222222,29.074583333333333,93,0.2066,42,0.0,1,0.0,1,0.96,0,10.825,0.1469,10.9,0.0,0,0.3652,0.0,4419,220950,353520,2209,23568.0,3155.6,694.58,111132.2,34957.1,82.9
derailed/k9s,https://github.com/derailed/k9s,Go,33461,2019-01-25T18:46:02Z,3,3,160.09,0.0,899.6311111111111,353,0.6453,0,0.0,1,2.0,1,0.64,0,15.275,-0.1259,20.09,0.0,0,0.0023,0.0,1731,86550,138480,865,9232.0,0.0,259.62,41539.5,12923.9,78.3
restic/restic,https://github.com/restic/restic,Go,33264,2014-04-27T14:07:58Z,23,3,160.0,11.384444444444444,147.61583333333334,400,0.4453,83,0.0,1,1.5,1,0.48,0,13.99,-1.465,72.22,0.47,0,0.0028,0.0,8950,447500,716000,4475,47733.3,4553.8,1457.28,233165.3,71865.9,78.6
SagerNet/sing-box,https://github.com/SagerNet/sing-box,Go,33053,2022-06-30T13:27:22Z,0,3,160.0,10.144444444444444,61.42916666666667,94,0.9254,51,0.0,1,0.0,1,0.76,1,6.533,1.4755,2.09,0.06,0,0.0343,0.0,2320,116000,185600,1160,12373.3,953.6,423.71,67794.3,20031.6,80.7
zeromicro/go-zero,https://github.com/zeromicro/go-zero,Go,32955,2020-08-07T15:37:57Z,8,3,160.06,1.3663888888888889,59.47152777777778,303,0.6339,61,0.0,1,1.0,1,0.64,0,12.185,-0.014,15.72,0.56,0,0.0274,0.0,2483,124150,198640,1241,13242.7,414.0,379.19,60670.2,18879.6,78.0
k3s-io/k3s,https://github.com/k3s-io/k3s,Go,32849,2018-05-31T01:37:46Z,1,3,160.0,20.904722222222222,187.71541666666667,278,0.2727,82,0.0,1,2.0,1,0.84,1,13.661,-0.035,5.19,0.08,0,0.1049,0.0,3836,191800,306880,1918,20458.7,5811.5,598.69,95790.5,31130.9,87.2
beego/beego,https://github.com/beego/beego,Go,32411,2012-02-29T02:32:08Z,16,3,160.04,1.7127777777777777,1648.875,349,0.4173,53,0.0,1,1.0,1,1.0,1,14.736,-0.007,54.08,0.27,0,0.0021,0.0,4357,217850,348560,2178,23237.3,597.8,684.35,109495.6,33697.1,84.5
labstack/echo,https://github.com/labstack/echo,Go,32344,2015-03-01T17:43:01Z,17,3,160.0,1.6897222222222221,43.06111111111111,273,0.5878,35,0.0,1,3.0,1,0.68,0,15.469,-0.6049,64.29,0.19,0,0.0012,0.0,1732,86600,138560,866,9237.3,461.3,259.78,41564.7,13070.0,77.7
cockroachdb/cockroach,https://github.com/cockroachdb/cockroach,Go,32091,2014-02-06T00:18:47Z,0,3,160.0,4.953888888888889,10.569027777777778,308,0.074,88,0.0,1,1.0,1,0.3,0,13.333,-5.6678,0.0,0.0,0,0.0891,0.0,80932,4046600,6474560,40466,431637.3,1525.8,14711.47,2353835.0,687043.4,84.3
kubernetes/minikube,https://github.com/kubernetes/minikube,Go,31725,2016-04-15T22:38:35Z,1,3,160.01,7.585833333333333,2.0519444444444446,377,0.2154,84,0.0,1,1.0,1,0.74,1,11.486,-0.542,45.17,0.0,0,0.491,0.0,24019,1200950,1921520,12009,128101.3,2859.9,4108.78,657404.1,196389.4,87.8
seaweedfs/seaweedfs,https://github.com/seaweedfs/seaweedfs,Go,31713,2014-07-14T16:41:37Z,0,3,160.0,2.9306944444444447,11.007361111111111,390,0.8002,80,0.0,1,1.0,1,0.82,1,12.88,3.1888,9.75,0.14,0,0.1737,0.0,11646,582300,931680,5823,62112.0,1143.0,2305.67,368906.7,105180.2,82.0
containers/podman,https://github.com/containers/podman,Go,31498,2017-11-01T15:01:27Z,1,3,160.0,14.018055555555556,25.07236111111111,416,0.3403,49,0.0,1,2.0,1,0.48,1,9.404,-0.8077,15.33,0.01,3,0.194,0.0,22450,1122500,1796000,11225,119733.3,5831.5,3827.43,612388.3,184093.8,86.5
iawia002/lux,https://github.com/iawia002/lux,Go,31293,2018-02-24T11:29:03Z,26,3,160.23,0.8072222222222222,931.6312499999999,106,0.7277,87,0.0,1,1.0,1,0.24,1,11.385,0.0,79.19,0.07,0,0.1409,0.0,683,34150,54640,341,3642.7,85.6,117.34,18774.7,5602.0,75.8
tailscale/tailscale,https://github.com/tailscale/tailscale,Go,30905,2020-01-31T22:00:03Z,0,3,160.0,3.498611111111111,20.824166666666667,310,0.3561,83,0.0,1,1.0,1,0.9,0,17.171,1.2727,13.3,0.03,0,0.0447,0.0,9204,460200,736320,4602,49088.0,1084.6,1500.74,240118.2,72893.0,81.4
grafana/k6,https://github.com/grafana/k6,Go,30431,2016-03-21T15:30:24Z,0,3,160.0,39.04388888888889,144.2697222222222,228,0.2443,77,0.0,1,2.0,1,0.9,0,14.686,1.035,19.45,0.0,0,0.2123,0.0,8084,404200,646720,4042,43114.7,8902.0,1309.6,209535.4,66135.0,82.6
spf13/viper,https://github.com/spf13/viper,Go,30216,2014-04-02T14:33:33Z,102,3,160.0,217.89277777777778,849.7038888888889,170,0.457,29,0.0,1,1.0,1,0.72,0,12.363,0.0,74.65,0.16,0,0.0211,0.0,674,33700,53920,337,3594.7,37041.8,96.43,15429.2,15995.7,67.0
binwiederhier/ntfy,https://github.com/binwiederhier/ntfy,Go,29870,2021-10-23T19:25:32Z,2,3,160.0,19.8,8.703333333333333,326,0.6002,82,0.0,1,2.0,1,0.78,1,13.864,-1.7657,71.33,0.22,1,0.2863,0.0,2126,106300,170080,1063,11338.7,6454.8,322.16,51545.5,17914.9,83.8
hashicorp/consul,https://github.com/hashicorp/consul,Go,29855,2013-11-04T22:15:27Z,0,3,160.0,3.5858333333333334,207.26944444444445,352,0.0966,66,0.0,1,1.0,1,0.68,1,15.262,0.7098,9.59,0.01,0,0.2371,0.0,18712,935600,1496960,9356,99797.3,1262.2,3161.23,505796.6,151436.6,89.0
helm/helm,https://github.com/helm/helm,Go,29733,2015-10-06T01:07:32Z,2,3,160.0,3.8222222222222224,451.9847222222222,372,0.1686,89,0.0,1,2.0,1,0.38,0,14.264,-0.4895,10.77,0.08,0,0.0159,0.0,6780,339000,542400,3390,36160.0,1421.9,1088.73,174197.1,53346.0,83.1
github/github-mcp-server,https://github.com/github/github-mcp-server,Go,29228,2025-03-04T16:42:04Z,0,3,160.0,0.0,96.33111111111111,115,0.2133,0,0.0,1,2.0,1,1.0,0,11.537,-1.021,8.0,0.03,0,0.0381,0.0,736,36800,58880,368,3925.3,0.0,105.77,16922.8,5347.2,78.9
QuantumNous/new-api,https://github.com/QuantumNous/new-api,Go,28723,2023-11-10T19:33:36Z,0,3,160.03,17.97111111111111,2.2447222222222223,229,0.4963,67,0.0,1,1.0,1,0.96,0,6.543,-3.3636,1.76,0.08,0,0.4769,0.0,5289,264450,423120,2644,28208.0,4115.4,838.83,134212.2,42181.1,80.0
sipeed/picoclaw,https://github.com/sipeed/picoclaw,Go,28489,2026-02-04T12:32:35Z,0,3,160.09,8.791944444444445,36.64222222222222,196,0.1102,48,0.0,1,1.0,1,0.86,0,10.134,-7.0839,3.79,0.0,0,0.1032,0.0,1815,90750,145200,907,9680.0,1723.2,272.87,43658.6,14088.7,83.9
micro-editor/micro,https://github.com/micro-editor/micro,Go,28483,2016-03-11T02:06:28Z,1,3,160.0,2.3068055555555556,26.53,305,0.6362,70,0.0,1,4.5,1,0.74,0,12.886,-0.0699,149.35,0.38,0,0.0585,0.0,3348,167400,267840,1674,17856.0,703.6,518.98,83037.5,25746.6,78.6
router-for-me/CLIProxyAPI,https://github.com/router-for-me/CLIProxyAPI,Go,28479,2025-07-01T19:43:27Z,0,3,160.0,1.6155555555555554,6.573888888888888,149,0.5332,62,0.0,1,2.0,1,0.98,1,11.97,-1.7098,0.72,0.25,0,0.0019,0.0,2262,113100,180960,1131,12064.0,240.7,343.83,55013.2,17106.8,84.7
abiosoft/colima,https://github.com/abiosoft/colima,Go,28467,2021-09-04T09:52:22Z,3,3,160.0,0.5473611111111112,17.8775,99,0.8016,62,0.0,1,1.0,1,0.88,0,14.986,-0.7657,53.66,0.18,0,0.0239,0.0,620,31000,49600,310,3306.7,54.2,106.0,16960.6,5061.7,71.0
opentofu/opentofu,https://github.com/opentofu/opentofu,Go,28463,2023-08-16T20:01:36Z,0,3,160.01,3.0008333333333335,26.76833333333333,351,0.1411,90,0.0,1,2.0,1,0.86,0,17.231,-0.7308,14.3,0.01,0,0.0898,0.0,28531,1426550,2282480,14265,152165.3,1053.3,4922.8,787648.7,233928.4,83.6
goharbor/harbor,https://github.com/goharbor/harbor,Go,28344,2016-01-28T21:10:28Z,0,3,160.0,19.121388888888887,92.97680555555556,339,0.1767,47,0.0,1,2.0,1,0.52,1,12.488,-0.1748,17.39,0.01,0,0.4724,0.0,10418,520900,833440,5209,55562.7,6482.2,1709.24,273478.6,84421.7,88.2
fyne-io/fyne,https://github.com/fyne-io/fyne,Go,28168,2018-02-04T22:07:16Z,1,3,160.01,13.164166666666667,123.21791666666667,201,0.5414,79,0.0,1,1.0,1,0.64,1,14.567,-0.2972,26.93,0.11,0,0.0458,0.0,11741,587050,939280,5870,62618.7,2646.0,1937.85,310056.0,94114.4,84.5
grafana/loki,https://github.com/grafana/loki,Go,28073,2018-04-16T09:22:48Z,0,3,160.02,4.038611111111111,19.30361111111111,442,0.0629,66,0.0,1,1.0,1,0.5,0,10.37,-0.1434,11.08,0.0,0,0.0355,0.0,8659,432950,692720,4329,46181.3,1785.1,1407.57,225211.7,68668.5,84.4
projectdiscovery/nuclei,https://github.com/projectdiscovery/nuclei,Go,28054,2020-04-03T18:47:11Z,1,3,160.0,14.58388888888889,24.303472222222222,234,0.2275,58,0.0,1,1.0,1,0.44,0,9.527,0.4965,17.96,0.03,0,0.0365,0.0,5034,251700,402720,2517,26848.0,3412.6,796.41,127426.2,39933.0,82.6
authelia/authelia,https://github.com/authelia/authelia,Go,27606,2016-12-07T00:56:57Z,0,3,160.05,0.0,5.114027777777778,274,0.461,0,0.0,1,2.0,1,0.98,0,10.3,2.9825,23.91,0.27,0,0.1481,0.0,3475,173750,278000,1737,18533.3,0.0,539.67,86348.0,26536.2,80.4
cloudreve/cloudreve,https://github.com/cloudreve/cloudreve,Go,27430,2018-02-04T04:56:38Z,10,3,160.0,0.0,5.106388888888889,51,0.8905,0,0.0,1,2.0,1,0.58,0,10.206,-0.4895,12.91,0.18,0,0.0015,0.0,1142,57100,91360,571,6090.7,0.0,201.31,32209.2,9487.2,75.3
Wox-launcher/Wox,https://github.com/Wox-launcher/Wox,Go,26693,2013-12-19T15:49:32Z,0,3,160.0,5.7252777777777775,29.349444444444444,114,0.4947,61,0.0,1,0.0,1,0.82,0,13.641,1.7378,252.72,0.15,0,0.4211,0.0,4506,225300,360480,2253,24032.0,652.7,708.94,113430.7,34897.9,80.1
gitleaks/gitleaks,https://github.com/gitleaks/gitleaks,Go,26265,2018-01-27T18:19:31Z,30,3,160.14,6.183611111111111,62.34236111111112,208,0.5774,50,0.0,1,1.5,1,0.28,0,10.335,0.0035,27.69,0.22,0,0.1704,0.0,1157,57850,92560,578,6170.7,1286.2,170.07,27211.3,8913.5,76.7
openfaas/faas,https://github.com/openfaas/faas,Go,26140,2016-12-22T12:51:39Z,23,3,160.0,0.0,0.0,161,0.7079,0,0.0,1,1.0,1,1.0,0,12.306,-0.0559,119.24,0.12,0,0.1961,0.0,2112,105600,168960,1056,11264.0,0.0,383.92,61427.0,17917.4,76.0
XIU2/CloudflareSpeedTest,https://github.com/XIU2/CloudflareSpeedTest,Go,26113,2020-08-30T14:24:52Z,20,3,160.4,0.0,0.0,13,0.8866,0,0.0,1,4.0,0,0.0,0,6.826,0.0,0.0,0.2,0,0.0,0.0,397,19850,31760,198,2117.3,0.0,66.38,10620.9,3182.8,50.2
yeasy/docker_practice,https://github.com/yeasy/docker_practice,Go,25988,2014-09-05T04:06:39Z,0,3,160.11,0.0,35.96513888888889,103,0.4385,0,0.0,1,1.0,1,0.98,0,12.212,0.458,339.81,0.27,18,0.0,0.0,1407,70350,112560,703,7504.0,0.0,208.85,33416.3,10435.3,80.6
stretchr/testify,https://github.com/stretchr/testify,Go,25948,2012-10-16T16:43:17Z,16,3,160.15,82.97972222222222,383.3436111111111,257,0.12,74,0.0,1,3.0,1,0.82,0,14.345,-0.2028,199.0,0.08,0,0.0022,0.0,1075,53750,86000,537,5733.3,21325.8,157.44,25190.0,14302.4,82.5
trufflesecurity/trufflehog,https://github.com/trufflesecurity/trufflehog,Go,25903,2016-12-31T05:08:12Z,0,3,160.0,750.6541666666667,198.68416666666667,178,0.1293,32,0.0,1,3.0,1,0.88,0,9.006,0.1154,6.21,0.01,0,0.0017,0.0,3572,178600,285760,1786,19050.7,133616.4,555.5,88880.6,67386.4,83.7
sirupsen/logrus,https://github.com/sirupsen/logrus,Go,25715,2013-10-16T19:08:55Z,46,3,160.0,0.0,1072.2980555555555,240,0.3002,0,0.0,1,1.0,1,0.96,0,15.278,-1.0664,229.98,0.28,0,0.0,0.0,1226,61300,98080,613,6538.7,0.0,180.74,28917.8,9052.9,78.2
dapr/dapr,https://github.com/dapr/dapr,Go,25702,2019-06-19T00:49:06Z,0,3,160.0,0.0,0.0,307,0.1518,0,0.0,1,4.0,1,0.8,1,11.549,0.0,2.09,0.02,0,0.0245,0.0,6586,329300,526880,3293,35125.3,0.0,1056.05,168967.3,51356.1,88.5
go-kratos/kratos,https://github.com/go-kratos/kratos,Go,25639,2019-01-10T10:42:31Z,21,3,160.0,0.0,0.0,290,0.137,0,0.0,1,2.0,1,0.66,0,10.109,0.0,39.72,0.08,0,0.0114,0.0,1620,81000,129600,810,8640.0,0.0,242.17,38747.2,12069.4,81.9
kataras/iris,https://github.com/kataras/iris,Go,25595,2016-01-30T04:36:48Z,99,3,160.07,5.723611111111111,9.789305555555556,104,0.8696,33,0.0,1,0.0,1,1.0,0,9.365,0.0,193.5,0.25,0,0.063,0.0,2355,117750,188400,1177,12560.0,595.3,430.43,68868.6,20232.3,68.1
rancher/rancher,https://github.com/rancher/rancher,Go,25523,2014-11-07T20:49:31Z,0,3,160.0,10.536805555555556,57.62972222222222,288,0.1438,48,0.0,1,1.0,1,0.76,1,11.973,-0.1329,3.33,0.0,0,0.124,0.0,11486,574300,918880,5743,61258.7,3034.6,1893.68,302989.1,92137.6,88.6
asdf-vm/asdf,https://github.com/asdf-vm/asdf,Go,25295,2014-11-29T04:41:43Z,1,3,160.0,33.36708333333333,141.99527777777777,256,0.4029,86,0.0,1,1.0,1,0.76,1,13.95,0.4266,71.7,0.21,0,0.3928,0.0,1864,93200,149120,932,9941.3,8542.0,280.61,44897.1,16512.7,85.9
gocolly/colly,https://github.com/gocolly/colly,Go,25250,2017-09-29T14:08:49Z,0,3,160.22,0.0,0.0,111,0.5902,0,0.0,1,1.0,1,0.86,0,16.732,0.0,0.0,0.08,0,0.006,0.0,715,35750,57200,357,3813.3,0.0,102.6,16416.1,5189.9,74.8
pulumi/pulumi,https://github.com/pulumi/pulumi,Go,25093,2016-10-31T21:02:47Z,0,3,160.01,2.6461111111111113,12.068888888888889,331,0.1478,87,0.0,1,1.0,1,0.22,1,13.271,-0.1294,2.65,0.03,0,0.281,0.0,12851,642550,1028080,6425,68538.7,875.9,2130.66,340905.1,102713.1,88.5
tsenart/vegeta,https://github.com/tsenart/vegeta,Go,25011,2013-08-13T11:45:21Z,67,3,160.0,0.0,0.0,66,0.8262,0,0.0,1,0.0,1,0.7609,0,16.825,0.0,0.0,0.42,0,0.0277,0.0,604,30200,48320,302,3221.3,0.0,103.13,16501.4,4910.9,65.2
microsoft/typescript-go,https://github.com/microsoft/typescript-go,Go,24952,2024-09-19T20:25:12Z,1,3,160.0,16.435,16.522222222222222,104,0.3375,87,0.0,1,1.0,1,0.7,0,12.552,0.0594,0.0,0.0,36,0.1527,0.0,1902,95100,152160,951,10144.0,1709.2,286.62,45858.6,14756.5,81.5
netbirdio/netbird,https://github.com/netbirdio/netbird,Go,24723,2021-04-14T12:27:20Z,0,3,160.0,15.892777777777777,32.55972222222222,129,0.2061,92,0.0,1,2.0,1,0.5,0,11.487,0.5979,2.51,0.02,0,0.0329,0.0,2780,139000,222400,1390,14826.7,2050.2,426.95,68312.0,21690.8,82.9
go-delve/delve,https://github.com/go-delve/delve,Go,24696,2014-05-20T19:24:43Z,1,3,160.06,14.186666666666667,57.49638888888889,244,0.4134,33,0.0,1,2.0,1,0.42,0,14.582,0.1154,31.28,0.06,0,0.431,0.0,2869,143450,229520,1434,15301.3,3461.5,441.31,70610.1,22811.1,80.8
flipped-aurora/gin-vue-admin,https://github.com/flipped-aurora/gin-vue-admin,Go,24601,2019-09-01T13:22:35Z,9,3,160.0,10.638333333333334,131.86527777777778,209,0.2647,36,0.0,1,1.0,1,0.9,0,5.533,-0.3147,20.57,0.24,0,0.512,0.0,1356,67800,108480,678,7232.0,2223.4,200.91,32145.7,10712.2,81.6
containrrr/watchtower,https://github.com/containrrr/watchtower,Go,24591,2015-07-13T21:21:53Z,128,3,160.0,0.0,0.0,129,0.3688,0,0.0,1,1.0,1,0.74,0,11.613,0.0,80.65,0.33,0,0.0543,0.0,640,32000,51200,320,3413.3,0.0,91.33,14613.0,4629.2,65.2
charmbracelet/glow,https://github.com/charmbracelet/glow,Go,24582,2019-11-04T23:34:55Z,2,3,160.0,1.6895833333333332,1.3095833333333333,45,0.554,42,0.0,1,1.0,1,0.66,0,15.875,0.1119,171.52,0.02,0,0.0011,0.0,778,38900,62240,389,4149.3,76.0,112.11,17938.2,5685.1,76.0
uber-go/zap,https://github.com/uber-go/zap,Go,24424,2016-02-18T19:52:56Z,39,3,160.27,0.0,0.0,138,0.2202,0,0.0,1,1.0,1,0.22,0,15.437,0.0,101.29,0.16,0,0.0082,0.0,595,29750,47600,297,3173.3,0.0,84.6,13536.1,4293.9,73.5
cilium/cilium,https://github.com/cilium/cilium,Go,24200,2015-12-16T12:33:31Z,0,3,160.0,8.914166666666667,32.71194444444444,394,0.0975,89,0.0,1,1.0,1,0.72,1,13.575,-3.5699,7.56,0.06,0,0.1203,0.0,37756,1887800,3020480,18878,201365.3,3512.2,6606.4,1057024.4,313141.2,89.0
GopeedLab/gopeed,https://github.com/GopeedLab/gopeed,Go,24127,2019-04-21T07:23:32Z,0,3,160.0,0.0,116.54319444444445,56,0.8324,0,0.0,1,1.0,1,0.68,0,10.547,-0.1364,23.02,0.23,0,0.4515,0.0,704,35200,56320,352,3754.7,0.0,121.13,19381.3,5753.6,72.2
urfave/cli,https://github.com/urfave/cli,Go,23992,2013-07-13T19:32:06Z,6,3,160.0,0.0,0.0,289,0.2389,0,0.0,1,1.0,1,0.96,0,14.64,0.3566,24.72,0.31,0,0.0027,0.0,3454,172700,276320,1727,18421.3,0.0,536.25,85800.2,26370.7,82.1
quii/learn-go-with-tests,https://github.com/quii/learn-go-with-tests,Go,23611,2018-03-02T11:41:14Z,35,3,160.12,0.0,293.43791666666664,269,0.5798,0,0.0,1,1.0,1,0.8378,0,14.849,-0.0559,96.82,0.08,0,0.0138,0.0,1385,69250,110800,692,7386.7,0.0,205.42,32867.9,10266.9,76.3
charmbracelet/gum,https://github.com/charmbracelet/gum,Go,23451,2022-06-10T22:09:42Z,2,3,160.29,4.7525,83.73638888888888,68,0.4831,65,0.0,1,2.0,1,0.48,0,9.99,0.1503,44.77,0.08,0,0.0052,0.0,561,28050,44880,280,2992.0,323.2,79.53,12725.1,4138.0,73.4
charmbracelet/crush,https://github.com/charmbracelet/crush,Go,23425,2025-05-21T12:14:57Z,0,3,160.05,0.0,25.61888888888889,109,0.2842,0,0.0,1,1.0,1,0.94,0,12.037,-1.3601,1.57,0.17,0,0.0236,0.0,3075,153750,246000,1537,16400.0,0.0,474.64,75942.9,23388.6,82.2
air-verse/air,https://github.com/air-verse/air,Go,23422,2017-10-12T14:31:40Z,12,3,160.36,52.46625,625.7229166666666,102,0.4221,70,0.0,1,1.0,1,0.54,0,9.698,0.1364,34.59,0.33,0,0.0996,0.0,443,22150,35440,221,2362.7,5351.6,62.07,9930.6,4772.9,71.4
valyala/fasthttp,https://github.com/valyala/fasthttp,Go,23340,2015-10-18T22:19:57Z,4,3,160.0,0.0,55.95736111111111,216,0.5269,0,0.0,1,1.0,1,0.88,0,14.812,0.0594,27.54,0.31,0,0.0,0.0,1782,89100,142560,891,9504.0,0.0,267.66,42825.5,13317.1,79.4
slimtoolkit/slim,https://github.com/slimtoolkit/slim,Go,23160,2015-09-09T17:39:11Z,8,3,160.16,0.0,0.0,67,0.8136,0,0.0,1,0.0,1,0.54,1,13.436,0.0,40.6,0.12,0,0.0127,0.0,1003,50150,80240,501,5349.3,0.0,175.66,28105.9,8295.8,81.2
grpc/grpc-go,https://github.com/grpc/grpc-go,Go,22917,2014-12-08T18:59:34Z,1,3,160.03,0.0,0.0,426,0.2079,0,0.0,1,2.0,1,0.9,1,11.905,0.3252,14.03,0.02,0,0.0045,0.0,5677,283850,454160,2838,30277.3,0.0,903.55,144568.8,44052.4,87.8
micro/go-micro,https://github.com/micro/go-micro,Go,22739,2015-01-13T23:30:18Z,4,3,160.05,0.0,25.41722222222222,181,0.6149,0,0.0,1,1.0,1,0.92,0,16.414,-1.9371,91.15,0.05,0,0.0718,0.0,3121,156050,249680,1560,16645.3,0.0,482.1,77136.2,23749.9,78.5
jaegertracing/jaeger,https://github.com/jaegertracing/jaeger,Go,22715,2016-04-15T18:49:02Z,0,3,160.0,4.025972222222222,109.44,431,0.2375,82,0.0,1,4.0,1,0.82,0,10.606,0.7168,9.93,0.33,0,0.0957,0.0,3592,179600,287360,1796,19157.3,1735.2,558.77,89403.2,27979.8,82.6
argoproj/argo-cd,https://github.com/argoproj/argo-cd,Go,22703,2018-02-09T11:12:01Z,0,3,160.03,4.088611111111112,29.731666666666666,426,0.1124,78,0.0,1,2.0,1,0.76,1,11.078,0.1119,5.46,0.16,0,0.1915,0.0,5905,295250,472400,2952,31493.3,1741.7,941.7,150671.3,46403.4,88.9
dolthub/dolt,https://github.com/dolthub/dolt,Go,22307,2019-07-24T17:46:25Z,1,3,160.0,4.944722222222222,75.91638888888889,126,0.1771,84,0.0,1,1.0,1,0.84,0,12.993,-10.2098,2.15,0.0,0,0.2124,0.0,25000,1250000,2000000,12500,133333.3,623.0,4285.16,685625.1,203978.6,83.1
JanDeDobbeleer/oh-my-posh,https://github.com/JanDeDobbeleer/oh-my-posh,Go,22302,2019-03-13T11:13:31Z,1,3,160.0,0.0,0.0,426,0.706,0,0.0,1,1.0,1,0.9,0,11.3,0.0,4.18,0.16,0,0.3623,0.0,3578,178900,286240,1789,19082.7,0.0,667.78,106844.8,30910.3,77.9
OpenListTeam/OpenList,https://github.com/OpenListTeam/OpenList,Go,22112,2025-06-11T23:35:02Z,3,3,160.07,1.4538888888888888,1.8308333333333333,229,0.5871,67,0.0,1,1.0,1,0.88,0,8.158,-0.1294,12.93,0.24,0,0.0094,0.0,2441,122050,195280,1220,13018.7,332.9,372.46,59593.1,18527.8,78.9
FiloSottile/age,https://github.com/FiloSottile/age,Go,22083,2019-05-18T20:44:54Z,35,3,160.44,0.0,0.0,55,0.8082,0,0.0,1,3.0,1,0.98,0,14.248,-0.028,146.81,0.37,0,0.0,0.0,365,18250,29200,182,1946.7,0.0,60.77,9723.9,2918.1,64.5
redis/go-redis,https://github.com/redis/go-redis,Go,22056,2012-07-25T13:01:39Z,0,3,160.0,21.681944444444444,295.99777777777774,358,0.643,71,0.0,1,2.0,1,0.88,0,14.465,0.4406,24.7,0.07,0,0.0045,0.0,2728,136400,218240,1364,14549.3,7762.1,418.57,66970.9,22997.5,78.6
go-chi/chi,https://github.com/go-chi/chi,Go,22048,2015-10-15T20:46:29Z,64,3,160.0,15.238194444444446,59.07611111111111,154,0.3541,58,0.0,1,1.0,1,0.74,0,16.964,-0.2238,87.78,0.14,0,0.0017,0.0,466,23300,37280,233,2485.3,2346.7,65.45,10472.6,4041.2,68.1
dgraph-io/dgraph,https://github.com/dgraph-io/dgraph,Go,21670,2015-08-25T07:15:56Z,2,3,160.0,19.924166666666668,238.95083333333332,190,0.1932,36,0.0,1,2.0,1,0.9,0,13.568,-0.0699,22.68,0.05,0,0.0225,0.0,4710,235500,376800,2355,25120.0,3785.6,742.68,118828.8,37461.4,82.9
gofr-dev/gofr,https://github.com/gofr-dev/gofr,Go,21608,2023-10-24T10:14:48Z,3,3,160.0,10.10736111111111,107.5725,134,0.4633,66,0.0,1,1.0,1,0.86,0,7.238,-3.2378,5.13,0.02,0,0.0014,0.0,3946,197300,315680,1973,21045.3,1354.4,616.73,98676.7,30664.3,80.1
getsops/sops,https://github.com/getsops/sops,Go,21593,2015-08-13T22:11:00Z,2,3,160.07,4.74,149.53416666666666,180,0.2953,91,0.0,1,1.0,1,0.94,0,12.584,0.1748,108.95,0.07,0,0.0825,0.0,2191,109550,175280,1095,11685.3,853.2,332.51,53201.5,16738.9,81.9
henrygd/beszel,https://github.com/henrygd/beszel,Go,21291,2024-07-07T21:36:28Z,2,3,160.11,20.712777777777777,20.381944444444443,116,0.8478,75,0.0,1,1.0,1,0.82,0,11.657,-0.2657,9.78,0.27,0,0.0892,0.0,1445,72250,115600,722,7706.7,2402.7,257.73,41237.5,12821.7,76.4
samber/lo,https://github.com/samber/lo,Go,21207,2022-03-02T12:48:45Z,1,3,160.2,26.738055555555555,171.24055555555555,154,0.623,85,0.0,1,1.0,1,0.76,0,12.397,-0.6643,69.01,0.07,0,0.0014,0.0,801,40050,64080,400,4272.0,4117.7,115.6,18495.4,7070.4,75.7
gastownhall/beads,https://github.com/gastownhall/beads,Go,21139,2025-10-12T03:09:46Z,0,3,160.0,3.2269444444444444,47.36694444444444,322,0.7074,63,0.0,1,1.0,1,0.86,1,14.581,-25.7168,3.26,0.02,0,0.0585,0.0,6438,321900,515040,3219,34336.0,1039.1,1237.37,197979.2,57075.6,82.9
chaitin/SafeLine,https://github.com/chaitin/SafeLine,Go,21080,2023-04-12T11:30:14Z,7,3,160.0,1.842361111111111,132.30375,20,0.2582,32,0.0,1,1.0,1,0.8718,0,7.239,0.0,31.43,0.01,0,0.6052,0.0,790,39500,63200,395,4213.3,36.8,113.93,18228.8,5763.5,78.7
vitessio/vitess,https://github.com/vitessio/vitess,Go,20928,2013-06-27T21:20:28Z,0,3,160.0,2.611388888888889,24.629166666666666,320,0.1491,71,0.0,1,2.0,1,0.98,1,13.432,-0.2867,29.51,0.11,0,0.0561,0.0,30782,1539100,2462560,15391,164170.7,835.6,5331.4,853024.3,252940.9,88.5
lima-vm/lima,https://github.com/lima-vm/lima,Go,20873,2021-05-14T07:30:56Z,1,3,160.03,3.2441666666666666,71.2173611111111,188,0.5373,91,0.0,1,1.0,1,0.78,0,12.357,0.4021,14.78,0.12,0,0.2541,0.0,5209,260450,416720,2604,27781.3,609.9,825.51,132081.4,40489.9,79.5
m1k1o/neko,https://github.com/m1k1o/neko,Go,20667,2020-03-14T20:46:07Z,7,3,160.08,2.963611111111111,227.22222222222223,56,0.8347,75,0.0,1,1.0,1,0.88,0,12.194,0.1888,190.06,0.27,0,0.6286,0.0,2099,104950,167920,1049,11194.7,166.0,381.44,61030.1,17853.2,76.1
navidrome/navidrome,https://github.com/navidrome/navidrome,Go,20652,2016-02-24T23:25:12Z,0,3,160.0,26.630833333333335,10.856666666666667,214,0.8819,46,0.0,1,1.0,1,0.74,1,14.936,-0.958,32.02,0.37,0,0.2409,0.0,4320,216000,345600,2160,23040.0,5699.0,813.9,130223.4,39274.4,81.2
containerd/containerd,https://github.com/containerd/containerd,Go,20622,2015-11-13T00:27:43Z,1,3,160.01,3.5319444444444446,12.678055555555556,424,0.1323,78,0.0,1,2.0,1,0.78,1,14.029,0.5524,18.32,0.14,0,0.0231,0.0,15659,782950,1252720,7829,83514.7,1497.5,2622.0,419519.3,126110.5,88.6
qax-os/excelize,https://github.com/qax-os/excelize,Go,20511,2016-08-29T12:32:12Z,3,3,160.0,16.163611111111113,40.170138888888886,298,0.7087,81,0.0,1,1.0,1,0.62,1,13.445,0.2063,50.54,0.26,0,0.0,0.0,1356,67800,108480,678,7232.0,4816.8,241.09,38574.8,12776.0,82.7
antonmedv/fx,https://github.com/antonmedv/fx,Go,20435,2018-01-25T17:29:43Z,27,3,160.21,10.102222222222222,93.99555555555555,34,0.9484,46,0.0,1,1.0,1,0.92,0,16.444,-0.1888,86.08,0.12,0,0.0429,0.0,775,38750,62000,387,4133.3,343.5,133.99,21438.7,6457.4,69.9
gravitational/teleport,https://github.com/gravitational/teleport,Go,20178,2015-03-02T19:36:00Z,0,3,160.01,4.8372222222222225,9.256666666666666,309,0.0565,69,0.0,1,2.0,1,0.96,0,11.702,3.5175,3.77,0.01,90,0.2705,0.0,24001,1200050,1920080,12000,128005.3,1494.7,4105.54,656886.8,195828.4,84.4
GoogleCloudPlatform/microservices-demo,https://github.com/GoogleCloudPlatform/microservices-demo,Go,20146,2018-08-03T18:32:18Z,1,3,160.0,7.750555555555556,1104.5105555555556,126,0.6477,80,0.0,1,1.0,1,0.7,0,10.373,0.2727,50.84,0.03,0,0.7107,0.0,2370,118500,189600,1185,12640.0,976.6,361.09,57774.4,18167.9,78.4
apache/casbin,https://github.com/apache/casbin,Go,20039,2017-04-08T07:51:23Z,0,3,160.0,5.488194444444444,39.26902777777778,146,0.6387,74,0.0,1,1.0,1,0.64,0,12.256,0.0839,16.61,0.38,0,0.0002,0.0,1132,56600,90560,566,6037.3,801.3,166.21,26594.3,8577.9,78.6
rakyll/hey,https://github.com/rakyll/hey,Go,19952,2016-09-02T10:24:09Z,104,3,160.0,160.17361111111111,431.9769444444444,43,0.4755,28,0.0,1,2.0,1,0.7059,0,15.839,0.0,760.54,0.46,0,0.0472,0.0,204,10200,16320,102,1088.0,6887.5,27.49,4399.1,3490.1,59.6
go-playground/validator,https://github.com/go-playground/validator,Go,19897,2015-02-12T16:32:22Z,1,3,160.43,2.7215277777777778,238.86166666666668,243,0.0515,8,0.0,1,1.0,1,0.96,0,10.684,0.1259,33.84,0.16,0,0.0002,0.0,369,18450,29520,184,1968.0,661.3,51.23,8196.5,2821.7,74.9
grpc-ecosystem/grpc-gateway,https://github.com/grpc-ecosystem/grpc-gateway,Go,19880,2015-04-03T07:25:13Z,1,3,160.08,19.7625,86.79541666666667,412,0.2709,85,0.0,1,1.0,1,0.72,0,10.011,1.5385,31.01,0.05,0,0.1023,0.0,2115,105750,169200,1057,11280.0,8142.1,320.41,51265.5,18335.7,82.2
wavetermdev/waveterm,https://github.com/wavetermdev/waveterm,Go,19857,2022-06-08T00:26:00Z,2,3,160.08,7.070555555555556,55.52611111111111,41,0.4501,66,0.0,1,1.0,1,0.62,1,9.801,-1.2273,10.68,0.12,91,0.5166,0.0,2033,101650,162640,1016,10842.7,289.9,307.38,49180.6,15344.4,85.3
temporalio/temporal,https://github.com/temporalio/temporal,Go,19812,2019-10-16T22:15:35Z,1,3,160.02,17.385416666666664,44.12402777777778,264,0.1081,94,0.0,1,1.0,1,0.42,1,13.596,2.1643,25.59,0.03,0,0.0062,0.0,8649,432450,691920,4324,46128.0,4589.7,1405.87,224938.6,69428.6,88.8
apernet/hysteria,https://github.com/apernet/hysteria,Go,19762,2020-04-21T00:01:34Z,2,3,160.13,22.729166666666668,8.315277777777778,26,0.8012,63,0.0,1,1.5,1,0.9,0,13.084,0.1958,29.63,0.5,5,0.0832,0.0,1207,60350,96560,603,6437.3,591.0,213.36,34136.9,10223.3,76.8
ahmetb/kubectx,https://github.com/ahmetb/kubectx,Go,19677,2017-03-30T18:06:53Z,6,3,160.56,27.348194444444445,15.491666666666667,64,0.7093,48,0.0,1,0.0,1,0.76,1,15.385,0.2797,234.7,0.37,0,0.1167,0.0,289,14450,23120,144,1541.3,1750.3,47.56,7609.8,2817.7,71.7
nats-io/nats-server,https://github.com/nats-io/nats-server,Go,19672,2012-10-29T16:12:24Z,0,3,160.01,4.563472222222222,199.59,174,0.4644,74,0.0,1,1.0,1,0.66,1,14.89,-1.2692,6.87,0.0,0,0.003,0.0,11899,594950,951920,5949,63461.3,794.0,1965.24,314438.5,94856.6,85.4
knadh/listmonk,https://github.com/knadh/listmonk,Go,19611,2019-06-26T05:08:39Z,1,3,160.09,8.887361111111112,62.016666666666666,226,0.7627,76,0.0,1,1.0,1,0.82,0,14.626,-0.0734,65.78,0.28,0,0.5897,0.0,1833,91650,146640,916,9776.0,2008.5,330.85,52936.1,16077.8,77.3
kubernetes/ingress-nginx,https://github.com/kubernetes/ingress-nginx,Go,19504,2016-11-04T22:54:14Z,32,3,160.0,8.8475,0.0,410,0.3882,86,0.0,1,0.0,1,0.82,1,13.326,-1.2028,12.36,0.07,0,0.1447,0.0,6442,322100,515360,3221,34357.3,3627.5,1031.81,165090.3,51285.0,83.5
charmbracelet/vhs,https://github.com/charmbracelet/vhs,Go,19487,2022-07-19T14:28:36Z,2,3,160.25,2.3033333333333337,961.2044444444444,56,0.6878,62,0.0,1,1.0,1,0.56,0,8.929,-0.007,74.09,0.04,0,0.0122,0.0,647,32350,51760,323,3450.7,129.0,92.38,14780.8,4720.2,72.7
dariubs/GoBooks,https://github.com/dariubs/GoBooks,Go,19364,2015-05-05T10:45:36Z,56,3,160.0,58.24805555555555,38.18277777777778,88,0.2545,71,0.0,1,1.0,1,0.3529,0,15.234,-0.2587,0.0,0.38,0,0.0077,0.0,220,11000,17600,110,1173.3,5125.8,29.76,4762.0,3076.8,66.1
twpayne/chezmoi,https://github.com/twpayne/chezmoi,Go,19337,2018-11-12T16:45:43Z,3,3,160.03,4.655277777777778,50.56027777777778,209,0.9083,81,0.0,1,1.0,1,1.0,0,17.53,0.2028,7.39,0.24,25,0.0478,0.0,5499,274950,439920,2749,29328.0,973.0,1048.6,167775.6,48511.0,75.7
bettercap/bettercap,https://github.com/bettercap/bettercap,Go,19113,2018-01-07T15:30:41Z,6,3,160.0,5.791666666666667,72.59666666666666,83,0.8273,80,0.0,1,0.0,1,0.92,0,1.0,0.1538,197.17,0.49,0,0.0,0.0,2310,115500,184800,1155,12320.0,480.7,421.8,67487.5,19801.7,76.2
golangci/golangci-lint,https://github.com/golangci/golangci-lint,Go,18842,2018-05-04T13:41:15Z,3,3,160.07,0.0,0.0,367,0.3399,0,0.0,1,0.0,0,0.0,0,9.657,-0.0979,13.95,0.0,0,0.0173,0.0,2339,116950,187120,1169,12474.7,0.0,356.13,56981.2,17633.6,71.4
TecharoHQ/anubis,https://github.com/TecharoHQ/anubis,Go,18766,2025-03-17T17:35:28Z,1,3,160.23,6.8741666666666665,27.718611111111112,167,0.5414,70,0.0,1,1.0,1,1.0,1,12.821,0.3147,13.39,0.26,39,0.1199,0.0,689,34450,55120,344,3674.7,1148.0,98.69,15789.9,5339.7,79.8
bluenviron/mediamtx,https://github.com/bluenviron/mediamtx,Go,18571,2019-12-28T20:08:43Z,0,3,160.0,0.0,0.0,110,0.9324,0,0.0,1,1.0,1,0.74,0,7.194,0.0,0.0,0.36,0,0.0395,0.0,2604,130200,208320,1302,13888.0,0.0,478.34,76533.9,22250.8,75.7
golang-migrate/migrate,https://github.com/golang-migrate/migrate,Go,18394,2018-01-19T09:30:58Z,37,3,160.12,42.48555555555556,65.31166666666667,227,0.424,73,0.0,1,2.0,1,0.52,0,14.272,-0.014,88.63,0.3,0,0.0105,0.0,1283,64150,102640,641,6842.7,9644.2,189.57,30331.1,12380.8,77.7
livekit/livekit,https://github.com/livekit/livekit,Go,18371,2020-09-30T06:49:46Z,0,3,160.0,4.604166666666667,36.29708333333333,91,0.4666,79,0.0,1,1.0,1,0.92,1,13.143,0.3007,26.77,0.18,0,0.0016,0.0,3470,173500,277600,1735,18506.7,419.0,538.86,86217.5,26622.6,85.3
google/gvisor,https://github.com/google/gvisor,Go,18168,2018-04-26T21:28:49Z,0,3,160.02,48.62388888888889,75.83111111111111,286,0.0991,77,0.0,1,2.0,1,0.88,1,12.159,1.1329,0.0,0.05,0,0.2354,0.0,10335,516750,826800,5167,55120.0,13906.4,1694.95,271191.3,85970.2,89.0
TheAlgorithms/Go,https://github.com/TheAlgorithms/Go,Go,17991,2016-08-20T16:32:12Z,25,3,160.0,186.80805555555557,904.5370833333334,178,0.0821,55,0.0,1,1.0,1,0.84,0,9.052,0.0,30.92,0.23,0,0.0,0.0,548,27400,43840,274,2922.7,33251.8,77.6,12415.6,13920.0,75.3
zincsearch/zincsearch,https://github.com/zincsearch/zincsearch,Go,17817,2021-12-02T12:49:41Z,92,3,160.0,19.913888888888888,310.87430555555557,60,0.428,67,0.0,1,1.0,1,0.8333,1,12.892,0.0,26.55,0.22,0,0.0674,0.0,514,25700,41120,257,2741.3,1194.8,72.55,11608.1,4050.7,70.8
joewalnes/websocketd,https://github.com/joewalnes/websocketd,Go,17482,2013-02-14T14:52:55Z,1,3,160.0,15.066944444444445,931.0611111111111,41,0.4623,67,0.0,1,1.0,0,0.0,0,15.769,0.0385,221.68,0.09,0,0.156,0.0,212,10600,16960,106,1130.7,617.7,28.63,4580.4,1666.7,58.5
rqlite/rqlite,https://github.com/rqlite/rqlite,Go,17443,2014-08-23T04:31:18Z,4,3,160.0,0.3938888888888889,15.735277777777778,52,0.9807,39,0.0,1,1.0,1,0.96,0,15.308,-2.1364,5.7,0.19,0,0.0944,0.0,7974,398700,637920,3987,42528.0,20.5,1549.07,247851.2,70840.4,74.9
sqlc-dev/sqlc,https://github.com/sqlc-dev/sqlc,Go,17400,2019-06-21T21:11:35Z,1,3,160.0,1.4490277777777778,570.0288888888889,239,0.5474,36,0.0,1,0.0,1,0.5,0,14.266,0.9091,52.19,0.29,0,0.054,0.0,1456,72800,116480,728,7765.3,346.3,216.5,34639.3,10914.4,79.4
tinygo-org/tinygo,https://github.com/tinygo-org/tinygo,Go,17381,2018-06-07T16:39:19Z,0,3,160.0,20.627222222222223,96.69555555555556,219,0.5033,33,0.0,1,1.0,1,0.74,1,14.831,1.4021,42.67,0.66,0,0.0808,0.0,4534,226700,362720,2267,24181.3,4517.4,713.57,114170.9,36280.1,85.0
slackhq/nebula,https://github.com/slackhq/nebula,Go,17278,2019-11-16T23:26:23Z,0,3,160.27,17.133194444444445,53.92111111111112,78,0.3063,82,0.0,1,1.0,1,0.64,1,13.672,0.6678,78.27,0.0,0,0.0064,0.0,591,29550,47280,295,3152.0,1336.4,84.0,13440.5,4665.0,80.8
yorukot/superfile,https://github.com/yorukot/superfile,Go,17207,2024-03-19T15:49:52Z,2,3,160.0,2.903611111111111,226.8375,103,0.5405,67,0.0,1,1.0,1,0.92,0,5.19,0.1678,24.14,0.35,0,0.1197,0.0,1924,96200,153920,962,10261.3,299.1,290.1,46415.7,14503.5,79.4
keploy/keploy,https://github.com/keploy/keploy,Go,17103,2022-01-19T10:40:31Z,0,3,160.12,10.636666666666667,6.981111111111111,118,0.1543,53,0.0,1,2.0,1,0.92,1,7.541,1.2657,1.06,0.35,0,0.012,0.0,1329,66450,106320,664,7088.0,1255.1,196.71,31473.9,10215.3,88.5
ory/hydra,https://github.com/ory/hydra,Go,17087,2015-05-22T12:42:08Z,11,3,160.0,0.0,387.4190277777777,297,0.533,0,0.0,1,13.0,1,0.7,1,11.603,-0.3042,84.17,0.03,15,0.0704,0.0,3490,174500,279200,1745,18613.3,0.0,542.12,86739.4,26654.5,83.8
ent/ent,https://github.com/ent/ent,Go,17039,2019-06-12T22:53:55Z,11,3,160.08,1.1622222222222223,91.54402777777779,231,0.6587,1,0.0,1,1.0,1,0.78,0,11.596,-0.0455,140.13,0.15,0,0.1563,0.0,2121,106050,169680,1060,11312.0,268.5,321.36,51418.3,16020.2,77.5
probelabs/goreplay,https://github.com/probelabs/goreplay,Go,19288,2013-05-30T09:29:07Z,87,3,160.0,0.0,0.0,115,0.7054,0,0.0,1,1.5,0,0.0,0,17.344,0.0,0.0,0.0,0,0.1428,0.0,1212,60600,96960,606,6464.0,0.0,214.28,34285.4,10089.1,60.7
rustdesk/rustdesk,https://github.com/rustdesk/rustdesk,Rust,112875,2020-09-28T15:36:08Z,0,3,160.02,1.7097222222222221,2.4075,383,0.41,59,0.0,1,1.0,1,0.82,0,7.256,0.1748,75.62,0.2,0,0.3404,0.0,10493,524650,839440,5246,55962.7,654.8,1722.16,275546.2,83287.0,80.9
rust-lang/rust,https://github.com/rust-lang/rust,Rust,112321,2010-06-16T20:39:03Z,0,3,160.0,42.416111111111114,40.67583333333334,442,0.1727,51,0.0,1,1.0,1,0.68,1,14.037,-12.2762,13.58,0.11,2,0.0964,0.0,277972,13898600,22237760,138986,1482517.3,18747.9,53744.11,8599057.1,2466694.4,88.3
denoland/deno,https://github.com/denoland/deno,Rust,106528,2018-05-15T01:34:26Z,0,3,160.01,18.17861111111111,28.7975,431,0.1789,30,0.0,1,1.0,1,0.56,1,12.776,-1.2692,7.93,0.54,0,0.4109,0.0,14677,733850,1174160,7338,78277.3,7835.0,2449.62,391939.4,119877.0,88.2
tauri-apps/tauri,https://github.com/tauri-apps/tauri,Rust,105855,2019-07-13T09:09:37Z,1,3,160.0,6.448611111111111,21.163194444444443,445,0.4845,51,0.0,1,1.0,1,0.38,0,9.027,-0.2902,5.07,0.15,21,0.1666,0.0,4440,222000,355200,2220,23680.0,2869.6,698.04,111686.8,35038.2,80.1
astral-sh/uv,https://github.com/astral-sh/uv,Rust,83899,2023-10-02T20:24:11Z,0,3,160.0,0.32305555555555554,9.50611111111111,467,0.3876,54,0.0,1,1.0,1,0.56,1,13.071,-0.8601,2.51,0.04,74,0.0199,0.0,7820,391000,625600,3910,41706.7,150.9,1264.73,202356.3,61369.9,86.1
zed-industries/zed,https://github.com/zed-industries/zed,Rust,79748,2021-02-20T03:01:06Z,0,3,160.0,3.280555555555556,2.2784722222222222,480,0.1252,86,0.0,1,1.0,1,0.36,0,14.934,-1.0909,1.48,0.03,0,0.0212,0.0,35477,1773850,2838160,17738,189210.7,1574.7,6188.34,990134.0,293104.6,83.7
openai/codex,https://github.com/openai/codex,Rust,77815,2025-04-13T05:37:54Z,0,3,160.0,0.5868055555555556,0.4748611111111111,419,0.1483,54,0.0,1,5.5,1,0.74,0,4.665,1.2448,0.31,0.15,22,0.0369,0.0,5672,283600,453760,2836,30250.7,245.9,902.72,144435.1,44086.1,83.5
unionlabs/union,https://github.com/unionlabs/union,Rust,74128,2023-05-16T22:33:39Z,1,3,160.01,2.3983333333333334,7.6154166666666665,29,0.206,95,0.0,1,1.0,1,0.2,0,9.811,-1.2308,28.26,0.07,7,0.232,0.0,16293,814650,1303440,8146,86896.0,69.6,2733.57,437371.9,130943.3,82.9
alacritty/alacritty,https://github.com/alacritty/alacritty,Rust,63658,2016-02-18T05:02:30Z,10,3,160.07,10.544444444444444,4.408611111111111,440,0.3115,63,0.0,1,2.0,1,0.84,0,11.501,0.035,54.63,0.35,0,0.0397,0.0,2433,121650,194640,1216,12976.0,4639.6,371.18,59388.0,19757.5,81.1
BurntSushi/ripgrep,https://github.com/BurntSushi/ripgrep,Rust,62934,2016-03-11T02:02:33Z,57,3,160.07,6.34375,4.081944444444445,419,0.7112,82,0.0,1,1.0,1,0.74,1,15.414,-0.0734,184.05,0.35,0,0.0545,0.0,2157,107850,172560,1078,11504.0,2658.0,392.51,62802.0,19109.8,78.1
rust-lang/rustlings,https://github.com/rust-lang/rustlings,Rust,62616,2015-09-15T02:25:18Z,0,3,160.07,10.959722222222222,51.33819444444444,411,0.3985,81,0.0,1,1.5,1,0.92,1,8.125,0.3916,74.77,0.24,0,0.0223,0.0,2457,122850,196560,1228,13104.0,4504.4,375.02,60003.3,19904.0,86.0
FuelLabs/sway,https://github.com/FuelLabs/sway,Rust,61755,2021-01-19T20:54:33Z,1,3,160.05,21.773333333333333,171.24027777777778,150,0.0887,94,0.0,1,2.0,1,0.68,1,11.458,-0.1643,25.77,0.04,0,0.2906,0.0,3527,176350,282160,1763,18810.7,3266.0,548.16,87705.2,27926.2,89.0
dani-garcia/vaultwarden,https://github.com/dani-garcia/vaultwarden,Rust,59250,2018-02-17T22:40:20Z,3,3,160.0,2.3141666666666665,0.9837500000000001,164,0.4504,97,0.0,1,1.0,1,0.52,0,14.814,0.2552,38.61,0.42,0,0.1669,0.0,2944,147200,235520,1472,15701.3,379.5,453.43,72549.5,22474.4,80.2
sharkdp/bat,https://github.com/sharkdp/bat,Rust,58541,2018-04-21T10:52:23Z,5,3,160.05,3.4329166666666664,192.01333333333332,410,0.3214,92,0.0,1,1.0,1,0.64,1,11.401,-1.3252,99.27,0.29,0,0.0251,0.0,3211,160550,256880,1605,17125.3,1407.5,496.71,79473.4,24879.6,86.4
meilisearch/meilisearch,https://github.com/meilisearch/meilisearch,Rust,57305,2018-04-23T11:45:28Z,0,3,160.01,1.5433333333333332,31.236944444444447,214,0.3308,91,0.0,1,1.0,1,0.56,0,10.831,-1.1678,4.66,0.0,0,0.0008,0.0,11723,586150,937840,5861,62522.7,330.3,1934.73,309556.9,93271.8,81.7
FuelLabs/fuel-core,https://github.com/FuelLabs/fuel-core,Rust,57132,2020-08-27T21:12:14Z,0,3,160.12,15.768333333333333,235.69958333333332,62,0.2227,89,0.0,1,1.0,1,0.84,1,11.087,0.3287,28.87,0.17,0,0.0023,0.0,1365,68250,109200,682,7280.0,977.6,202.31,32369.7,10407.2,87.8
rust-unofficial/awesome-rust,https://github.com/rust-unofficial/awesome-rust,Rust,56937,2014-07-17T10:45:10Z,0,3,160.04,8.856388888888889,0.20916666666666667,444,0.4294,91,0.0,1,0.0,1,0.88,0,15.289,0.5804,0.0,0.17,0,0.0,0.0,4343,217150,347440,2171,23162.7,3932.2,682.04,109126.2,34586.2,80.7
starship/starship,https://github.com/starship/starship,Rust,56866,2019-04-02T03:23:12Z,1,3,160.08,11.463888888888889,82.87041666666667,448,0.3205,94,0.0,1,1.5,1,0.86,0,10.477,0.1608,47.42,0.29,0,0.0408,0.0,1941,97050,155280,970,10352.0,5135.8,292.79,46846.4,16086.0,81.7
typst/typst,https://github.com/typst/typst,Rust,53029,2019-09-24T21:41:56Z,1,3,160.04,9.04486111111111,2.706666666666667,421,0.5421,76,0.0,1,2.0,1,0.6,1,9.968,-1.2937,49.6,0.0,0,0.1542,0.0,4503,225150,360240,2251,24016.0,3807.9,708.45,113351.4,35820.6,84.5
farion1231/cc-switch,https://github.com/farion1231/cc-switch,Rust,51131,2025-08-04T14:16:16Z,0,3,160.0,11.315555555555555,18.84638888888889,98,0.8546,74,0.0,1,1.0,1,0.18,1,7.346,2.7587,6.91,0.06,61,0.4281,0.0,1596,79800,127680,798,8512.0,1108.9,286.09,45773.6,13743.4,81.5
ruvnet/RuView,https://github.com/ruvnet/RuView,Rust,50229,2025-06-07T04:32:30Z,2,3,160.4,0.9016666666666666,24.31513888888889,11,0.7834,29,0.0,1,1.0,1,0.04,1,13.734,-0.5524,2.98,0.04,15,0.4883,0.0,397,19850,31760,198,2117.3,9.9,66.38,10620.9,3185.8,66.2
tw93/Pake,https://github.com/tw93/Pake,Rust,48141,2022-10-14T09:32:57Z,3,3,160.08,1.9847222222222223,37.05722222222222,56,0.7065,45,0.0,1,1.0,1,0.78,1,10.791,-0.0629,52.42,0.35,53,0.0751,0.0,1973,98650,157840,986,10522.7,111.1,357.43,57189.3,16732.5,82.7
astral-sh/ruff,https://github.com/astral-sh/ruff,Rust,47241,2022-08-09T17:17:44Z,0,3,160.0,0.3375,12.372361111111111,452,0.2898,79,0.0,1,2.0,1,0.98,0,11.829,-2.1189,3.08,0.07,83,0.0358,0.0,13128,656400,1050240,6564,70016.0,152.6,2178.9,348624.8,104778.7,82.1
bevyengine/bevy,https://github.com/bevyengine/bevy,Rust,45744,2020-01-18T21:13:55Z,0,3,160.02,15.257361111111113,32.900277777777774,427,0.13,82,0.0,1,2.0,1,0.5,1,12.459,1.5944,20.33,0.2,0,0.0572,0.0,9693,484650,775440,4846,51696.0,6514.9,1584.57,253530.9,78508.6,88.7
helix-editor/helix,https://github.com/helix-editor/helix,Rust,44099,2020-06-01T04:26:56Z,1,3,160.03,6.1090277777777775,14.716944444444444,414,0.2321,84,0.0,1,1.0,1,0.72,0,10.95,-0.9161,58.67,0.25,0,0.2195,0.0,5665,283250,453200,2832,30213.3,2529.1,901.55,144247.9,44715.0,82.6
FuelLabs/fuels-rs,https://github.com/FuelLabs/fuels-rs,Rust,43243,2021-10-31T22:33:54Z,18,3,160.18,6.568888888888889,123.47,54,0.2408,97,0.0,1,2.0,1,0.76,0,9.846,0.0664,34.25,0.08,0,0.0815,0.0,897,44850,71760,448,4784.0,354.7,130.19,20829.6,6664.3,79.5
aaif-goose/goose,https://github.com/aaif-goose/goose,Rust,43203,2024-08-23T19:03:36Z,0,3,160.0,22.350555555555555,8.428888888888888,432,0.0614,95,0.0,1,1.0,1,0.36,0,11.488,-3.7203,3.36,0.02,0,0.5029,0.0,4156,207800,332480,2078,22165.3,9655.4,651.24,104197.9,34818.9,84.4
sharkdp/fd,https://github.com/sharkdp/fd,Rust,42700,2017-05-09T21:27:10Z,1,3,160.1,18.515416666666667,22.639305555555556,193,0.3715,82,0.0,1,1.5,1,0.58,1,12.312,0.2063,102.58,0.27,0,0.0709,0.0,1599,79950,127920,799,8528.0,3573.5,238.87,38220.0,12980.0,86.2
juspay/hyperswitch,https://github.com/juspay/hyperswitch,Rust,42536,2022-10-17T11:18:28Z,0,3,160.03,19.7375,14.288055555555555,243,0.0389,99,0.0,1,2.0,1,0.7,0,6.531,-0.9545,30.76,0.03,5,0.1723,0.0,6089,304450,487120,3044,32474.7,4796.2,972.53,155604.8,48797.2,84.6
nushell/nushell,https://github.com/nushell/nushell,Rust,39165,2019-05-10T16:59:42Z,0,3,160.02,0.2538888888888889,8.954444444444444,417,0.1592,36,0.0,1,1.0,1,0.84,1,13.154,0.5699,15.63,0.1,0,0.0278,0.0,9125,456250,730000,4562,48666.7,105.9,1487.22,237954.7,71956.1,88.4
lapce/lapce,https://github.com/lapce/lapce,Rust,38320,2018-02-06T08:41:06Z,10,3,160.0,10.546388888888888,119.20361111111112,169,0.5888,65,0.0,1,2.5,1,0.74,0,12.814,0.028,64.36,0.16,0,0.0132,0.0,3436,171800,274880,1718,18325.3,1782.3,533.32,85330.7,26763.5,78.3
pola-rs/polars,https://github.com/pola-rs/polars,Rust,38293,2020-05-13T19:45:33Z,0,3,160.01,1.3138888888888889,18.357916666666668,444,0.4444,79,0.0,1,1.0,1,0.88,0,12.541,-2.5315,9.27,0.1,0,0.3691,0.0,13537,676850,1082960,6768,72197.3,583.4,2250.24,360037.9,108281.2,80.6
spacedriveapp/spacedrive,https://github.com/spacedriveapp/spacedrive,Rust,37887,2021-09-27T05:09:04Z,6,3,160.0,6.933472222222222,22.481666666666666,113,0.4176,56,0.0,1,1.0,1,0.0,0,9.246,-0.6538,63.68,0.36,28,0.2333,0.0,4864,243200,389120,2432,25941.3,783.5,768.2,122911.6,37788.0,80.3
sxyazi/yazi,https://github.com/sxyazi/yazi,Rust,37033,2023-07-08T11:45:55Z,3,3,160.0,9.286944444444444,3.4469444444444446,164,0.7676,77,0.0,1,1.0,1,1.0,0,10.075,-0.1294,44.0,0.26,0,0.0576,0.0,1390,69500,111200,695,7413.3,1523.1,247.44,39591.0,12081.8,77.1
servo/servo,https://github.com/servo/servo,Rust,36543,2012-02-08T19:07:25Z,0,3,160.0,20.704861111111114,16.068055555555553,407,0.0846,78,0.0,1,1.0,1,0.74,1,14.671,1.6853,8.16,0.29,36,0.3757,0.0,35717,1785850,2857360,17858,190490.7,8426.9,6232.3,997168.3,297207.1,89.2
ajeetdsouza/zoxide,https://github.com/ajeetdsouza/zoxide,Rust,36057,2020-03-05T13:11:40Z,12,3,160.0,7.076944444444445,91.37472222222222,99,0.769,80,0.0,1,3.0,1,0.92,1,13.114,-0.2028,68.15,0.25,0,0.2021,0.0,554,27700,44320,277,2954.7,700.6,94.19,15070.1,4701.6,74.6
GyulyVGC/sniffnet,https://github.com/GyulyVGC/sniffnet,Rust,36012,2022-07-31T21:55:56Z,0,3,160.0,2.35,3.5883333333333334,65,0.8829,63,0.0,1,1.0,1,0.72,0,4.671,0.4825,68.86,0.25,0,0.0119,0.0,2554,127700,204320,1277,13621.3,152.8,468.7,74991.7,21854.8,76.2
rtk-ai/rtk,https://github.com/rtk-ai/rtk,Rust,35960,2026-01-22T16:54:16Z,0,3,160.22,3.1151388888888887,50.95388888888889,67,0.3117,74,0.0,1,1.0,1,0.44,1,9.041,-0.8357,0.96,0.52,0,0.0789,0.0,741,37050,59280,370,3952.0,208.7,106.52,17043.5,5447.3,83.0
DioxusLabs/dioxus,https://github.com/DioxusLabs/dioxus,Rust,35831,2021-01-15T01:57:26Z,1,3,160.02,9.336944444444445,27.41777777777778,410,0.446,70,0.0,1,1.0,1,0.42,0,8.999,1.1364,33.21,0.22,0,0.0704,0.0,6995,349750,559600,3497,37306.7,3828.1,1125.01,180001.8,55802.1,80.5
firecracker-microvm/firecracker,https://github.com/firecracker-microvm/firecracker,Rust,33968,2017-10-19T06:18:47Z,1,3,160.03,24.058888888888887,185.72666666666666,240,0.1529,85,0.0,1,2.0,1,0.12,1,7.441,-0.1294,35.18,0.0,0,0.2033,0.0,6173,308650,493840,3086,32922.7,5774.1,986.62,157859.5,49765.5,88.4
TabbyML/tabby,https://github.com/TabbyML/tabby,Rust,33466,2023-03-16T09:18:01Z,54,3,160.0,0.6836111111111112,65.3938888888889,116,0.5163,56,0.0,1,1.0,1,0.5,0,13.437,-0.0804,109.01,0.07,5,0.0714,0.0,3684,184200,294720,1842,19648.0,79.3,573.81,91809.0,28209.6,75.3
swc-project/swc,https://github.com/swc-project/swc,Rust,33375,2017-12-22T11:40:14Z,1,3,160.01,2.112222222222222,21.726666666666667,340,0.4124,87,0.0,1,1.0,1,0.4,0,7.7,0.2517,6.22,0.35,73,0.0272,0.0,11359,567950,908720,5679,60581.3,718.2,1871.7,299472.4,90400.6,80.8
fish-shell/fish-shell,https://github.com/fish-shell/fish-shell,Rust,33300,2012-05-10T03:00:55Z,1,3,160.01,33.809583333333336,5.643611111111111,394,0.2172,66,0.0,1,3.0,1,0.88,1,13.953,-0.542,71.43,0.41,9,0.2992,0.0,20969,1048450,1677520,10484,111834.7,13321.0,3562.76,570041.3,173921.9,87.7
casey/just,https://github.com/casey/just,Rust,33170,2016-06-17T06:08:08Z,0,3,160.0,0.29194444444444445,10.548055555555555,214,0.7815,13,0.0,1,4.0,1,0.96,1,17.66,1.7657,26.47,0.41,0,0.0213,0.0,1652,82600,132160,826,8810.7,62.5,296.63,47461.5,13916.4,82.2
google/comprehensive-rust,https://github.com/google/comprehensive-rust,Rust,32898,2022-12-21T15:17:24Z,3,3,160.0,6.1779166666666665,186.31069444444444,336,0.2725,82,0.0,1,1.0,1,0.7,1,14.106,-1.1294,0.0,0.19,0,0.3712,0.0,2316,115800,185280,1158,12352.0,2075.8,352.46,56393.0,18077.3,87.0
yewstack/yew,https://github.com/yewstack/yew,Rust,32588,2017-12-16T14:19:02Z,0,3,160.0,6.996111111111111,102.79277777777779,420,0.2023,69,0.0,1,2.0,1,0.84,0,11.952,0.0105,165.74,0.35,0,0.025,0.0,2298,114900,183840,1149,12256.0,2938.4,349.58,55932.9,18196.1,83.0
linera-io/linera-protocol,https://github.com/linera-io/linera-protocol,Rust,32131,2021-12-19T04:09:21Z,0,3,160.03,42.12652777777778,35.647222222222226,94,0.237,84,0.0,1,1.0,1,0.44,0,13.124,1.8636,44.98,0.11,0,0.113,0.0,4957,247850,396560,2478,26437.3,3959.9,783.63,125380.4,39482.7,82.6
surrealdb/surrealdb,https://github.com/surrealdb/surrealdb,Rust,31954,2021-12-09T15:03:29Z,2,3,160.04,10.06236111111111,159.96972222222223,175,0.5475,80,0.0,1,2.0,1,0.7,1,13.235,-0.8636,5.63,0.1,0,0.2378,0.0,4325,216250,346000,2162,23066.7,1760.9,679.07,108651.4,33791.9,84.4
zellij-org/zellij,https://github.com/zellij-org/zellij,Rust,31950,2020-09-01T14:04:28Z,4,3,160.0,13.043888888888889,60.08611111111111,178,0.4463,83,0.0,1,3.0,1,0.48,0,11.762,-0.479,57.71,0.09,0,0.0063,0.0,3220,161000,257600,1610,17173.3,2321.8,498.17,79707.4,25224.7,80.2
tokio-rs/tokio,https://github.com/tokio-rs/tokio,Rust,31774,2016-09-09T22:31:36Z,5,3,160.04,4.972777777777777,24.857777777777777,437,0.1719,82,0.0,1,1.0,1,0.54,0,15.23,0.2448,22.85,0.15,0,0.0,0.0,3769,188450,301520,1884,20101.3,2173.1,587.72,94034.5,29509.5,82.9
influxdata/influxdb,https://github.com/influxdata/influxdb,Rust,31463,2013-09-26T14:31:10Z,1,3,160.0,3.504166666666667,71.61861111111111,315,0.0571,45,0.0,1,1.0,1,0.94,0,13.455,-0.0455,47.96,0.03,0,0.0488,0.0,44056,2202800,3524480,22028,234965.3,1103.8,7768.46,1242954.0,366404.6,84.3
qdrant/qdrant,https://github.com/qdrant/qdrant,Rust,30730,2020-05-30T21:37:01Z,0,3,160.0,8.854583333333334,32.41638888888889,153,0.2321,74,0.0,1,2.0,1,0.78,1,11.423,-4.528,15.99,0.0,0,0.1266,0.0,4170,208500,333600,2085,22240.0,1354.8,653.54,104566.5,32439.7,87.7
zeroclaw-labs/zeroclaw,https://github.com/zeroclaw-labs/zeroclaw,Rust,30652,2026-02-13T08:56:04Z,0,3,160.0,1.2594444444444444,47.86194444444445,237,0.344,35,0.0,1,2.0,1,0.88,1,4.952,-18.5769,4.76,0.25,0,0.0,0.0,2596,129800,207680,1298,13845.3,298.5,397.33,63572.6,19726.7,86.6
vercel-labs/agent-browser,https://github.com/vercel-labs/agent-browser,Rust,30638,2026-01-11T05:38:15Z,5,3,160.32,17.026944444444446,26.435555555555556,102,0.6781,63,0.0,1,1.0,1,0.52,0,13.148,-0.7343,1.35,0.24,38,0.1504,0.0,497,24850,39760,248,2650.7,1736.7,70.03,11205.3,4087.4,70.3
dandavison/delta,https://github.com/dandavison/delta,Rust,30499,2019-06-24T15:00:13Z,28,3,160.08,8.765277777777778,43.215555555555554,145,0.8101,77,0.0,1,1.0,1,0.64,1,15.932,0.0699,114.72,0.37,0,0.0447,0.0,2059,102950,164720,1029,10981.3,1271.0,373.81,59809.5,17833.9,79.6
iced-rs/iced,https://github.com/iced-rs/iced,Rust,30325,2019-07-15T22:34:46Z,1,3,160.02,15.5625,64.72402777777778,297,0.8183,86,0.0,1,1.0,1,0.62,1,15.054,-1.4056,127.58,0.1,0,0.0086,0.0,6611,330550,528880,3305,35258.7,4622.1,1272.31,203568.9,59729.8,81.7
sunface/rust-course,https://github.com/sunface/rust-course,Rust,30302,2018-08-07T05:01:21Z,45,3,160.06,2.068611111111111,404.4122222222222,321,0.6198,61,0.0,1,1.0,1,0.52,0,10.986,-0.0699,0.0,0.1,0,0.2068,0.0,2783,139150,222640,1391,14842.7,664.0,427.43,68389.4,21298.4,75.1
vercel/turborepo,https://github.com/vercel/turborepo,Rust,30261,2021-10-05T17:37:11Z,4,3,160.02,0.9294444444444444,15.611805555555556,447,0.1648,53,0.0,1,1.0,1,0.32,0,11.803,-7.6154,0.59,0.06,28,0.3016,0.0,7853,392650,628240,3926,41882.7,415.5,1270.33,203253.1,61716.6,83.0
atuinsh/atuin,https://github.com/atuinsh/atuin,Rust,29492,2020-10-04T23:01:58Z,1,3,160.0,2.0855555555555556,7.423333333333333,274,0.4723,63,0.0,1,1.0,1,0.96,0,8.548,-0.2867,19.85,0.05,0,0.0468,0.0,1482,74100,118560,741,7904.0,571.4,220.56,35289.1,11181.2,80.2
emilk/egui,https://github.com/emilk/egui,Rust,28868,2019-01-13T15:39:15Z,2,3,160.0,18.32861111111111,57.997083333333336,457,0.7101,76,0.0,1,1.0,1,0.2,1,13.954,1.007,39.0,0.09,0,0.0141,0.0,4164,208200,333120,2082,22208.0,8376.2,783.06,125290.2,38674.9,82.7
lbjlaq/Antigravity-Manager,https://github.com/lbjlaq/Antigravity-Manager,Rust,28628,2025-11-26T10:47:13Z,7,3,160.0,8.408333333333333,16.280555555555555,46,0.7601,55,0.0,1,1.0,1,0.3,0,9.309,-13.5245,5.06,0.38,36,0.3584,0.0,546,27300,43680,273,2912.0,386.8,92.76,14841.7,4540.4,70.0
jj-vcs/jj,https://github.com/jj-vcs/jj,Rust,28346,2020-12-18T04:05:27Z,0,3,160.0,1.54125,5.199861111111111,325,0.3615,92,0.0,1,1.0,1,0.4,0,14.445,-2.0874,9.76,0.25,42,0.007,0.0,10208,510400,816640,5104,54442.7,500.9,1673.08,267693.3,80910.3,81.4
sharkdp/hyperfine,https://github.com/sharkdp/hyperfine,Rust,27996,2018-01-13T15:49:54Z,71,3,160.21,13.762361111111112,1003.3941666666667,105,0.6255,82,0.0,1,1.0,1,0.86,1,10.945,-0.0315,112.13,0.33,0,0.07,0.0,761,38050,60880,380,4058.7,1445.0,109.54,17526.8,5968.2,74.2
ankitects/anki,https://github.com/ankitects/anki,Rust,27657,2012-12-21T08:03:31Z,1,3,160.0,21.194027777777777,30.816111111111113,327,0.6283,56,0.0,1,1.0,1,0.18,0,14.711,0.1154,36.35,0.11,64,0.5376,0.0,12054,602700,964320,6027,64288.0,6930.4,1992.13,318740.7,97971.3,78.6
chroma-core/chroma,https://github.com/chroma-core/chroma,Rust,27634,2022-10-05T17:58:44Z,0,3,160.0,13.362916666666667,36.18972222222222,183,0.1327,76,0.0,1,2.0,1,0.7,0,12.17,-2.0455,33.14,0.18,10,0.3213,0.0,4324,216200,345920,2162,23061.3,2445.4,678.91,108625.0,33989.3,83.7
jdx/mise,https://github.com/jdx/mise,Rust,27277,2023-01-09T14:44:21Z,0,3,160.03,0.6580555555555556,0.0,458,0.6623,86,0.0,1,1.0,1,0.86,1,13.781,3.9895,0.82,0.28,25,0.2455,0.0,5941,297050,475280,2970,31685.3,301.4,947.72,151636.0,46260.3,83.4
cloudflare/pingora,https://github.com/cloudflare/pingora,Rust,26502,2023-05-05T20:03:08Z,2,3,160.27,0.43416666666666665,333.91069444444446,88,0.2504,15,0.0,1,1.0,1,0.78,0,14.704,-0.5734,62.65,0.13,0,0.0004,0.0,587,29350,46960,293,3130.7,38.2,83.41,13345.0,4245.8,76.1
rustfs/rustfs,https://github.com/rustfs/rustfs,Rust,26485,2023-11-23T13:45:10Z,0,3,160.06,0.36833333333333335,35.71138888888889,125,0.2515,35,0.0,1,1.0,1,0.6,0,11.502,1.9965,4.6,0.31,0,0.0186,0.0,2787,139350,222960,1393,14864.0,46.0,428.08,68492.6,21144.3,82.5
tokio-rs/axum,https://github.com/tokio-rs/axum,Rust,25735,2021-05-30T09:22:25Z,6,3,160.09,0.4851388888888889,77.55763888888889,407,0.4337,94,0.0,1,1.0,1,0.82,0,14.545,-0.1084,34.75,0.22,0,0.0001,0.0,1879,93950,150320,939,10021.3,197.5,282.98,45276.5,14125.2,80.2
wezterm/wezterm,https://github.com/wezterm/wezterm,Rust,25732,2018-02-07T05:35:46Z,2,3,160.02,2.8269444444444445,57.946666666666665,380,0.8705,56,0.0,1,1.0,1,0.74,0,16.515,0.0175,49.42,0.57,0,0.011,0.0,8439,421950,675120,4219,45008.0,1074.2,1644.06,263048.9,75436.0,76.1
rwf2/Rocket,https://github.com/rwf2/Rocket,Rust,25727,2016-03-18T02:50:18Z,119,3,160.0,0.23180555555555554,142.37444444444444,281,0.7745,2,0.0,1,1.0,1,0.86,0,13.959,0.0,90.76,0.3,0,0.0061,0.0,2368,118400,189440,1184,12629.3,65.1,432.92,69267.9,20187.8,67.3
TheAlgorithms/Rust,https://github.com/TheAlgorithms/Rust,Rust,25705,2018-09-13T13:29:27Z,2,3,160.0,71.94194444444445,517.8788888888889,240,0.1541,57,0.0,1,1.0,1,0.92,0,6.39,0.0,0.0,0.29,0,0.0,0.0,740,37000,59200,370,3946.7,17266.1,106.37,17019.4,10557.1,79.4
BloopAI/vibe-kanban,https://github.com/BloopAI/vibe-kanban,Rust,25557,2025-06-14T19:10:21Z,2,3,160.08,0.6230555555555556,24.741805555555555,61,0.4248,79,0.0,1,1.0,1,0.48,0,9.08,-8.9895,2.17,0.01,102,0.4972,0.0,2067,103350,165360,1033,11024.0,38.0,312.78,50044.6,15532.3,80.6
googleworkspace/cli,https://github.com/googleworkspace/cli,Rust,25414,2026-03-02T19:46:06Z,2,3,160.0,0.4193055555555556,1.565,42,0.3827,68,0.0,1,2.0,1,0.88,0,6.701,-1.1154,1.37,0.0,25,0.0126,0.0,162,8100,12960,81,864.0,17.6,21.58,3453.3,1127.9,68.4
zama-ai/fhevm,https://github.com/zama-ai/fhevm,Rust,25343,2025-05-02T10:48:20Z,2,3,160.04,15.695694444444445,0.15305555555555556,67,0.1656,84,0.0,1,1.0,1,0.86,0,7.051,-0.2972,7.15,0.01,9,0.4045,0.0,4021,201050,321680,2010,21445.3,1051.6,629.04,100646.9,31167.5,83.2
GraphiteEditor/Graphite,https://github.com/GraphiteEditor/Graphite,Rust,25314,2020-04-26T07:29:29Z,0,3,160.06,2.39,15.729166666666666,181,0.3738,80,0.0,1,1.0,1,0.48,0,10.027,-1.1084,0.0,0.3,0,0.141,0.0,2715,135750,217200,1357,14480.0,432.6,416.47,66635.9,20697.0,81.3
Schniz/fnm,https://github.com/Schniz/fnm,Rust,25256,2019-01-16T13:32:14Z,7,3,160.0,24.30388888888889,1210.4306944444445,98,0.6523,96,0.0,1,0.0,1,0.08,1,11.04,0.0839,101.86,0.35,27,0.3334,0.0,394,19700,31520,197,2101.3,2381.8,54.88,8780.5,3521.3,73.8
Wilfred/difftastic,https://github.com/Wilfred/difftastic,Rust,25148,2018-12-18T11:19:45Z,0,3,160.01,35.36958333333333,232.7863888888889,365,0.2389,62,0.0,1,2.0,1,0.72,1,15.777,0.1643,33.59,0.51,0,0.1947,0.0,13413,670650,1073040,6706,71536.0,12909.9,2228.6,356575.9,110956.2,87.6
tree-sitter/tree-sitter,https://github.com/tree-sitter/tree-sitter,Rust,25025,2013-11-06T06:16:00Z,0,3,160.0,19.850833333333334,15.386805555555556,332,0.5786,86,0.0,1,1.0,1,0.54,1,13.286,-1.2832,20.49,0.41,0,0.3575,0.0,5738,286900,459040,2869,30602.7,6590.5,913.75,146200.3,46518.6,84.2
AlexsJones/llmfit,https://github.com/AlexsJones/llmfit,Rust,24681,2026-02-15T16:11:31Z,1,3,160.31,4.413611111111111,13.425555555555556,54,0.648,66,0.0,1,1.5,1,0.82,0,12.563,-1.8182,1.34,0.37,0,0.2362,0.0,517,25850,41360,258,2757.3,238.3,73.0,11679.2,3786.0,71.2
clockworklabs/SpacetimeDB,https://github.com/clockworklabs/SpacetimeDB,Rust,24600,2023-06-17T07:28:29Z,1,3,160.05,23.072777777777777,104.24902777777777,107,0.1161,95,0.0,1,1.0,1,0.48,0,12.155,-3.3706,11.83,0.07,22,0.4791,0.0,3283,164150,262640,1641,17509.3,2468.8,508.41,81345.6,25764.4,83.8
actix/actix-web,https://github.com/actix/actix-web,Rust,24584,2017-09-30T15:30:02Z,0,3,160.03,2.4594444444444443,9.11111111111111,376,0.5391,79,0.0,1,1.0,1,0.72,0,13.619,-0.2203,44.7,0.26,0,0.0054,0.0,4591,229550,367280,2295,24485.3,924.8,722.99,115678.4,35655.8,79.6
biomejs/biome,https://github.com/biomejs/biome,Rust,24472,2023-07-27T20:30:22Z,0,3,160.0,2.371388888888889,24.92652777777778,418,0.2242,82,0.0,1,2.0,1,0.72,0,13.826,0.8846,4.94,0.26,19,0.1416,0.0,8018,400900,641440,4009,42762.7,991.2,1298.37,207739.5,63226.6,82.8
niri-wm/niri,https://github.com/niri-wm/niri,Rust,23230,2023-08-10T10:53:14Z,0,3,160.06,34.1625,6.122916666666667,181,0.8712,87,0.0,1,1.5,1,0.46,0,13.636,1.3287,35.65,0.38,0,0.0099,0.0,2725,136250,218000,1362,14533.3,6183.4,501.7,80272.3,25176.1,76.3
uutils/coreutils,https://github.com/uutils/coreutils,Rust,23155,2013-08-02T16:22:56Z,0,3,160.0,2.848055555555556,20.27138888888889,371,0.2747,88,0.0,1,1.0,1,0.92,1,14.643,-1.5175,30.92,0.27,0,0.0762,0.0,17122,856100,1369760,8561,91317.3,1056.6,2879.8,460767.6,138129.2,87.3
slint-ui/slint,https://github.com/slint-ui/slint,Rust,22351,2020-05-04T08:53:03Z,1,3,160.0,2.8361111111111112,25.55027777777778,244,0.3972,89,0.0,1,1.0,1,0.2,1,16.187,1.3601,28.08,0.03,19,0.3437,0.0,16130,806500,1290400,8065,86026.7,692.0,2704.87,432778.6,129776.7,85.9
nautechsystems/nautilus_trader,https://github.com/nautechsystems/nautilus_trader,Rust,22279,2018-06-25T06:26:16Z,0,3,160.01,0.925138888888889,22.386111111111113,141,0.896,28,0.0,1,1.5,1,0.96,1,9.841,1.972,17.1,0.29,249,0.3434,0.0,18441,922050,1475280,9220,98352.0,130.4,3735.81,597729.5,168761.0,81.0
facebook/flow,https://github.com/facebook/flow,Rust,22202,2014-10-28T17:17:45Z,1,3,160.0,18.746388888888887,42.68402777777778,334,0.1769,83,0.0,1,0.0,1,0.98,1,14.737,4.8671,5.42,0.27,5,0.5102,0.0,18092,904600,1447360,9046,96490.7,6261.3,3051.34,488214.5,147766.6,88.1
RustPython/RustPython,https://github.com/RustPython/RustPython,Rust,22023,2018-05-28T19:27:01Z,0,3,160.01,8.448194444444445,66.86166666666666,360,0.2818,96,0.0,1,1.5,1,0.46,0,12.936,-7.8776,0.0,0.26,0,0.0948,0.0,15587,779350,1246960,7793,83130.7,3041.3,2609.34,417494.1,125976.6,82.2
gitui-org/gitui,https://github.com/gitui-org/gitui,Rust,21827,2020-03-16T14:38:01Z,3,3,160.2,4.993194444444445,140.85944444444445,134,0.5782,76,0.0,1,3.0,1,0.78,0,11.16,0.1119,85.2,0.23,0,0.0033,0.0,799,39950,63920,399,4261.3,669.1,115.29,18446.9,6020.8,76.0
vectordotdev/vector,https://github.com/vectordotdev/vector,Rust,21720,2018-08-27T16:57:34Z,1,3,160.02,18.30152777777778,15.290555555555555,411,0.1509,88,0.0,1,1.0,1,0.26,1,11.903,-0.0664,15.55,0.01,0,0.3753,0.0,9969,498450,797520,4984,53168.0,7521.9,1631.98,261116.3,81063.8,88.4
neondatabase/neon,https://github.com/neondatabase/neon,Rust,21631,2021-03-26T14:20:47Z,32,3,160.0,20.835277777777776,133.86222222222221,149,0.1126,90,0.0,1,1.0,1,0.68,0,14.624,-0.014,1.47,0.0,55,0.2646,0.0,7968,398400,637440,3984,42496.0,3104.5,1289.87,206379.5,63455.2,81.2
rust-lang/mdBook,https://github.com/rust-lang/mdBook,Rust,21564,2015-07-07T00:57:25Z,3,3,160.0,8.656527777777779,49.371805555555554,312,0.4167,84,0.0,1,1.0,1,0.6,1,15.152,0.2413,37.04,0.19,6,0.2442,0.0,3036,151800,242880,1518,16192.0,2700.8,468.32,74931.9,23892.6,85.6
eza-community/eza,https://github.com/eza-community/eza,Rust,21490,2023-07-28T08:35:55Z,16,3,160.0,17.306944444444444,70.82972222222222,290,0.3619,75,0.0,1,2.0,1,0.22,1,10.152,-0.1713,8.42,0.31,0,0.0945,0.0,3194,159700,255520,1597,17034.7,5019.0,493.95,79031.7,25829.4,85.0
gleam-lang/gleam,https://github.com/gleam-lang/gleam,Rust,21390,2016-06-30T20:52:30Z,0,3,160.02,6.386388888888889,21.810694444444444,295,0.5096,73,0.0,1,1.0,1,0.92,1,11.422,0.1923,18.69,0.21,0,0.0492,0.0,10519,525950,841520,5259,56101.3,1884.0,1726.64,276263.1,83868.5,84.9
bee-san/Ciphey,https://github.com/bee-san/Ciphey,Rust,21356,2019-07-16T20:20:39Z,2,3,160.0,1.2547222222222223,1292.0972222222222,44,0.5458,37,0.0,1,0.0,1,0.62,1,9.47,0.486,21.92,0.03,0,0.0019,0.0,2162,108100,172960,1081,11530.7,55.2,327.89,52462.4,16274.4,84.4
valeriansaliou/sonic,https://github.com/valeriansaliou/sonic,Rust,21191,2019-02-26T13:16:58Z,33,3,160.22,13.232777777777779,14.825,38,0.9037,43,0.0,1,1.0,1,1.0,1,14.123,-0.1888,116.93,0.24,0,0.0128,0.0,727,36350,58160,363,3877.3,502.8,125.29,20046.7,6098.8,74.1
oxc-project/oxc,https://github.com/oxc-project/oxc,Rust,20875,2023-02-09T05:46:51Z,0,3,160.01,3.7030555555555553,2.9941666666666666,359,0.2543,88,0.0,1,1.0,1,0.82,0,13.012,-2.1189,2.36,0.55,16,0.1617,0.0,16427,821350,1314160,8213,87610.7,1329.4,2757.19,441149.6,132434.1,82.5
gitbutlerapp/gitbutler,https://github.com/gitbutlerapp/gitbutler,Rust,20666,2023-01-31T14:56:22Z,0,3,160.01,0.5166666666666666,7.083055555555555,135,0.1585,44,0.0,1,1.0,1,0.86,0,12.034,18.6713,7.81,0.23,101,0.3399,0.0,21267,1063350,1701360,10633,113424.0,69.7,3615.94,578550.5,172443.0,83.4
leptos-rs/leptos,https://github.com/leptos-rs/leptos,Rust,20636,2022-07-31T20:40:30Z,3,3,160.03,8.161666666666667,70.79166666666666,363,0.6641,80,0.0,1,0.0,1,0.58,0,14.809,-1.3497,16.66,0.37,0,0.0145,0.0,5049,252450,403920,2524,26928.0,2962.7,798.91,127824.9,39917.8,78.1
wasmerio/wasmer,https://github.com/wasmerio/wasmer,Rust,20629,2018-10-11T10:15:53Z,2,3,160.0,4.085555555555556,135.93777777777777,220,0.2525,81,0.0,1,2.0,1,0.5,1,13.719,0.8671,21.42,0.05,0,0.0886,0.0,15766,788300,1261280,7883,84085.3,898.8,2640.81,422529.8,126818.2,87.3
cjpais/Handy,https://github.com/cjpais/Handy,Rust,20594,2025-02-13T02:42:29Z,2,3,160.24,9.364166666666666,11.774722222222222,105,0.7029,45,0.0,1,2.0,1,0.64,1,13.748,-1.6713,4.09,0.34,42,0.5495,0.0,663,33150,53040,331,3536.0,983.2,113.74,18197.9,5702.5,77.7
huggingface/candle,https://github.com/huggingface/candle,Rust,20093,2023-06-19T16:06:31Z,0,3,160.0,0.5555555555555556,185.22916666666666,256,0.6228,59,0.0,1,1.0,1,0.4,0,14.159,0.6084,0.0,0.24,0,0.2575,0.0,2574,128700,205920,1287,13728.0,142.2,393.79,63007.0,19508.1,78.8
ratatui/ratatui,https://github.com/ratatui/ratatui,Rust,20070,2023-02-12T21:56:20Z,2,3,160.09,20.239166666666666,65.46305555555556,255,0.2399,87,0.0,1,1.0,1,0.94,0,11.289,0.2797,25.0,0.12,0,0.0,0.0,1759,87950,140720,879,9381.3,5161.0,264.03,42245.3,14688.0,82.4
cube-js/cube,https://github.com/cube-js/cube,Rust,19866,2018-09-16T18:58:46Z,1,3,160.0,11.413888888888888,21.386944444444445,354,0.2782,82,0.0,1,1.0,1,0.56,0,14.875,1.6643,1.58,0.08,41,0.476,0.0,9984,499200,798720,4992,53248.0,4040.5,1634.56,261528.8,80141.9,82.1
bee-san/RustScan,https://github.com/bee-san/RustScan,Rust,19677,2020-07-11T20:00:41Z,5,3,160.0,3.31125,238.6213888888889,80,0.6297,82,0.0,1,1.0,1,0.7,1,10.759,-0.7902,159.13,0.08,0,0.0275,0.0,740,37000,59200,370,3946.7,264.9,106.37,17019.4,5456.7,79.4
facebook/relay,https://github.com/facebook/relay,Rust,18933,2015-08-10T22:09:16Z,1,3,160.02,3.328888888888889,26.89138888888889,297,0.1813,80,0.0,1,0.0,1,0.72,0,15.88,0.2483,62.7,0.04,88,0.4532,0.0,9117,455850,729360,4558,48624.0,988.7,1485.85,237735.6,72155.7,83.1
Orange-OpenSource/hurl,https://github.com/Orange-OpenSource/hurl,Rust,18814,2020-08-25T14:50:56Z,0,3,160.0,0.6705555555555556,32.70041666666667,88,0.38,82,0.0,1,1.0,1,0.72,0,10.07,-1.0979,48.34,0.28,0,0.2732,0.0,4274,213700,341920,2137,22794.7,59.0,670.67,107306.5,32876.4,81.2
screenpipe/screenpipe,https://github.com/screenpipe/screenpipe,Rust,18411,2024-06-19T13:23:56Z,0,3,160.0,0.3566666666666667,44.78777777777778,103,0.8707,43,0.0,1,0.0,1,0.44,0,8.769,-16.6748,0.61,0.74,0,0.4083,0.0,8254,412700,660320,4127,44021.3,36.7,1606.23,256997.4,73421.1,76.3
tursodatabase/turso,https://github.com/tursodatabase/turso,Rust,18374,2023-08-26T09:21:36Z,0,3,160.0,1.7880555555555555,24.991666666666667,232,0.2198,79,0.0,1,1.0,1,0.8,1,10.928,-22.2098,1.74,0.02,3,0.1474,0.0,16782,839100,1342560,8391,89504.0,414.8,2819.78,451165.2,135109.5,87.8
ruffle-rs/ruffle,https://github.com/ruffle-rs/ruffle,Rust,18001,2019-04-25T17:53:32Z,1,3,160.0,8.102777777777778,79.45027777777777,196,0.1501,92,0.0,1,1.0,1,0.96,1,13.115,-2.4371,0.45,0.33,0,0.2032,0.0,14514,725700,1161120,7257,77408.0,1588.1,2421.06,387370.2,116654.5,88.4
bytecodealliance/wasmtime,https://github.com/bytecodealliance/wasmtime,Rust,17922,2017-08-29T14:01:55Z,2,3,160.0,30.76027777777778,24.724722222222223,412,0.2104,88,0.0,1,1.0,1,0.9,1,15.652,2.4091,207.1,0.02,0,0.2976,0.0,13520,676000,1081600,6760,72106.7,12673.2,2247.27,359563.2,111767.9,87.7
rust-lang/book,https://github.com/rust-lang/book,Rust,17701,2015-12-11T22:49:49Z,4,3,160.0,12.239444444444445,49.05583333333333,435,0.5806,84,0.0,1,1.0,1,0.74,0,15.644,0.0,426.85,0.53,0,0.1133,0.0,5952,297600,476160,2976,31744.0,5324.2,949.57,151930.8,47855.4,78.9
kitao/pyxel,https://github.com/kitao/pyxel,Rust,17424,2018-06-10T04:58:54Z,0,3,160.0,13.21861111111111,295.99194444444447,65,0.9825,78,0.0,1,1.0,1,0.9,0,15.068,-0.0874,2.59,0.04,0,0.5799,0.0,7302,365100,584160,3651,38944.0,859.2,1412.29,225966.9,64923.1,75.2
asciinema/asciinema,https://github.com/asciinema/asciinema,Rust,17216,2011-11-21T21:45:44Z,2,3,160.0,33.19444444444444,135.41666666666666,58,0.8968,65,0.0,1,1.0,1,0.86,1,17.222,-0.5839,217.11,0.11,0,0.0801,0.0,1638,81900,131040,819,8736.0,1925.3,294.0,47039.3,14353.5,80.9
denisidoro/navi,https://github.com/denisidoro/navi,Rust,17054,2019-09-20T13:38:20Z,13,3,160.16,6.274722222222222,172.63833333333332,92,0.5649,44,0.0,1,1.0,1,0.16,1,11.257,0.5629,98.85,0.39,0,0.1901,0.0,1009,50450,80720,504,5381.3,577.3,147.3,23568.7,7577.6,83.3
RightNow-AI/openfang,https://github.com/RightNow-AI/openfang,Rust,17033,2026-02-24T23:12:38Z,3,3,160.0,73.36222222222221,165.73097222222222,53,0.6778,6,0.0,1,0.0,1,0.14,0,5.138,2.6643,2.23,0.11,0,0.1194,0.0,360,18000,28800,180,1920.0,3888.2,49.92,7986.7,3723.8,68.4
gfx-rs/wgpu,https://github.com/gfx-rs/wgpu,Rust,16992,2018-09-13T19:18:50Z,2,3,160.0,14.686666666666667,47.21888888888889,404,0.2159,93,0.0,1,1.0,1,0.9,1,12.523,0.7203,23.38,0.08,0,0.2132,0.0,8734,436700,698720,4367,46581.3,5933.4,1420.38,227260.3,70522.7,87.7
getzola/zola,https://github.com/getzola/zola,Rust,16971,2016-12-06T02:57:25Z,3,3,160.09,24.469305555555557,16.81986111111111,429,0.523,84,0.0,1,1.0,1,0.72,0,14.775,-0.1294,75.25,0.14,0,0.0237,0.0,1721,86050,137680,860,9178.7,10497.3,258.05,41287.6,15996.1,79.5
launchbadge/sqlx,https://github.com/launchbadge/sqlx,Rust,16923,2019-12-28T10:40:57Z,2,3,160.0,21.879583333333336,262.4272222222222,439,0.3698,86,0.0,1,2.0,1,0.58,1,13.784,0.2937,0.0,0.15,0,0.0102,0.0,2604,130200,208320,1302,13888.0,9605.1,398.61,63778.3,22581.2,86.1
diem/diem,https://github.com/diem/diem,Rust,16682,2019-04-02T21:51:45Z,5,3,160.0,9.79652777777778,0.0,168,0.1108,38,0.0,1,0.0,1,0.76,0,13.007,0.0,0.0,0.0,0,0.0563,0.0,6768,338400,541440,3384,36096.0,1645.8,1086.71,173873.4,53316.4,83.5
tikv/tikv,https://github.com/tikv/tikv,Rust,16648,2015-12-31T04:51:32Z,3,3,160.0,4.91,39.2575,388,0.1172,87,0.0,1,3.0,1,0.44,1,13.198,0.0594,22.37,0.06,0,0.0262,0.0,8066,403300,645280,4033,43018.7,1905.1,1306.53,209045.5,63890.0,88.6
eythaann/Seelen-UI,https://github.com/eythaann/Seelen-UI,Rust,16421,2024-02-16T18:03:35Z,0,3,160.08,13.008888888888889,122.75472222222223,41,0.9537,55,0.0,1,1.0,1,0.48,0,5.461,1.3951,42.83,0.33,51,0.4448,0.0,2097,104850,167760,1048,11184.0,533.4,381.06,60969.0,17945.8,75.5
clap-rs/clap,https://github.com/clap-rs/clap,Rust,16334,2015-02-25T13:36:33Z,4,3,160.0,2.2887500000000003,21.231944444444444,407,0.4906,90,0.0,1,2.0,1,0.68,1,14.877,-0.6364,15.45,0.08,0,0.1083,0.0,8230,411500,658400,4115,43893.3,931.5,1334.44,213510.7,64928.2,84.8
rust-lang/rust-analyzer,https://github.com/rust-lang/rust-analyzer,Rust,16306,2017-12-21T19:24:42Z,0,3,160.01,0.47555555555555556,31.163055555555555,405,0.1777,81,0.0,1,1.0,1,0.98,0,12.365,5.479,10.39,0.17,0,0.0305,0.0,30611,1530550,2448880,15305,163258.7,192.6,5300.31,848049.3,251297.0,83.2
hyperium/hyper,https://github.com/hyperium/hyper,Rust,16024,2014-08-30T21:14:33Z,0,3,160.0,3.3102777777777774,34.693888888888885,410,0.6067,80,0.0,1,1.0,1,0.58,1,16.453,-0.1049,47.69,0.02,0,0.0362,0.0,2868,143400,229440,1434,15296.0,1357.2,441.15,70584.3,22172.0,83.9
lsd-rs/lsd,https://github.com/lsd-rs/lsd,Rust,15939,2018-11-24T11:04:12Z,18,3,160.16,5.285,168.66,172,0.2341,92,0.0,1,1.0,1,0.64,1,11.794,0.028,115.56,0.3,0,0.0092,0.0,1021,51050,81680,510,5445.3,909.0,149.14,23863.1,7768.0,86.2
PyO3/pyo3,https://github.com/PyO3/pyo3,Rust,15616,2017-05-13T05:22:06Z,2,3,160.02,7.395,66.25569444444444,412,0.3407,86,0.0,1,2.0,1,0.6,1,12.853,-0.0699,21.38,0.15,31,0.0372,0.0,6897,344850,551760,3448,36784.0,3046.7,1108.47,177354.8,54777.0,86.4
iii-hq/iii,https://github.com/iii-hq/iii,Rust,15343,2025-01-02T17:45:02Z,1,3,160.0,4.1130555555555555,14.950277777777778,40,0.1983,65,0.0,1,2.0,1,0.84,0,11.482,1.3182,3.15,0.02,28,0.3308,0.0,1452,72600,116160,726,7744.0,164.5,215.87,34539.4,10829.2,82.9
louis-e/arnis,https://github.com/louis-e/arnis,Rust,15314,2022-09-10T13:42:29Z,2,3,160.0,1.0383333333333333,204.96694444444444,46,0.8189,71,0.0,1,1.0,1,0.38,1,7.639,6.0664,37.19,0.03,0,0.0013,0.0,1756,87800,140480,878,9365.3,47.8,316.27,50603.6,14817.7,81.6
benfred/py-spy,https://github.com/benfred/py-spy,Rust,15139,2018-08-01T02:22:15Z,2,3,160.0,0.9236111111111112,1271.6308333333334,51,0.8043,90,0.0,1,1.0,1,0.9,1,15.737,0.5,173.64,0.17,11,0.0107,0.0,506,25300,40480,253,2698.7,47.1,85.64,13702.2,4103.9,74.4
memvid/memvid,https://github.com/memvid/memvid,Rust,15123,2025-05-27T16:01:08Z,41,3,160.63,4.767777777777778,103.6325,23,0.2627,41,0.0,1,1.0,1,0.46,1,6.495,-0.7483,61.62,0.5,0,0.015,0.0,255,12750,20400,127,1360.0,109.7,34.75,5560.5,1825.0,72.8
quickwit-oss/tantivy,https://github.com/quickwit-oss/tantivy,Rust,15070,2016-01-11T08:32:16Z,0,3,160.0,15.613333333333333,61.44166666666666,174,0.5157,64,0.0,1,1.0,1,0.8,1,14.133,0.1049,83.0,0.11,0,0.0002,0.0,3376,168800,270080,1688,18005.3,2716.7,523.54,83766.9,26571.0,84.8
Y2Z/monolith,https://github.com/Y2Z/monolith,Rust,15032,2017-02-20T07:47:35Z,4,3,160.84,6.931111111111111,159.68,28,0.4764,82,0.0,1,1.0,1,0.84,1,12.627,0.0,116.71,0.29,0,0.0176,0.0,191,9550,15280,95,1018.7,194.1,25.66,4105.2,1388.6,72.8
tracel-ai/burn,https://github.com/tracel-ai/burn,Rust,14945,2022-07-18T23:11:45Z,2,3,160.06,0.26402777777777775,110.50916666666667,255,0.2707,70,0.0,1,2.0,1,0.32,0,11.629,0.1084,31.15,0.0,0,0.0055,0.0,2549,127450,203920,1274,13594.7,67.3,389.78,62364.6,19290.5,82.1
neovide/neovide,https://github.com/neovide/neovide,Rust,14933,2019-12-06T20:51:39Z,1,3,160.1,10.194444444444445,26.802083333333336,222,0.2939,65,0.0,1,1.0,1,0.88,0,11.276,-0.0664,92.11,0.24,0,0.0394,0.0,1531,76550,122480,765,8165.3,2263.2,228.22,36515.2,12064.6,82.0
rust-lang/cargo,https://github.com/rust-lang/cargo,Rust,14880,2014-03-04T23:20:42Z,2,3,160.0,3.7887500000000003,12.294583333333334,413,0.2887,70,0.0,1,1.0,1,0.72,1,14.514,0.3776,0.0,0.16,0,0.0408,0.0,20580,1029000,1646400,10290,109760.0,1564.8,3493.39,558942.8,167138.0,86.9
analysis-tools-dev/static-analysis,https://github.com/analysis-tools-dev/static-analysis,Rust,14507,2015-12-18T16:58:30Z,4,3,160.0,3.8590277777777775,315.3547222222222,322,0.5878,88,0.0,1,1.0,1,0.44,0,12.386,-0.1678,0.0,0.3,0,0.0298,0.0,1310,65500,104800,655,6986.7,1242.6,193.76,31001.6,10066.5,78.8
LGUG2Z/komorebi,https://github.com/LGUG2Z/komorebi,Rust,14445,2021-07-29T23:20:15Z,2,3,160.13,2.9054166666666665,19.37388888888889,52,0.7462,86,0.0,1,0.0,1,0.56,0,9.096,-0.521,34.58,0.52,0,0.0241,0.0,1257,62850,100560,628,6704.0,151.1,222.65,35623.2,10522.0,77.4
LemmyNet/lemmy,https://github.com/LemmyNet/lemmy,Rust,14356,2019-02-14T17:17:17Z,2,3,160.03,4.523611111111111,196.0875,253,0.5509,82,0.0,1,1.0,1,0.0,0,14.292,-0.028,34.41,0.0,0,0.2215,0.0,5395,269750,431600,2697,28773.3,1144.5,856.49,137037.9,42137.6,79.3
XAMPPRocky/tokei,https://github.com/XAMPPRocky/tokei,Rust,14316,2015-05-26T20:55:45Z,91,3,160.0,18.608888888888888,0.0,298,0.571,85,0.0,1,1.0,1,0.76,1,11.943,0.0,155.81,0.16,0,0.0211,0.0,902,45100,72160,451,4810.7,5545.4,130.95,20951.6,8259.3,75.2
astral-sh/rye,https://github.com/astral-sh/rye,Rust,14239,2023-04-22T22:23:54Z,81,3,160.21,3.1836111111111114,120.31722222222223,103,0.6023,82,0.0,1,1.0,1,0.54,0,15.989,0.0,20.03,0.31,12,0.3728,0.0,777,38850,62160,388,4144.0,327.9,111.96,17914.0,5753.2,68.9
sunface/rust-by-practice,https://github.com/sunface/rust-by-practice,Rust,14160,2018-04-18T02:13:19Z,39,3,160.21,31.942222222222224,12.091111111111111,129,0.6619,83,0.0,1,1.0,1,0.5,0,11.347,-0.007,0.0,0.21,0,0.2654,0.0,763,38150,61040,381,4069.3,4120.5,109.85,17575.2,6785.8,71.6
vosen/ZLUDA,https://github.com/vosen/ZLUDA,Rust,14142,2020-01-05T18:26:03Z,1,3,160.29,24.99888888888889,125.65083333333334,14,0.778,65,0.0,1,2.0,1,0.18,0,11.74,-0.0245,6.55,0.11,0,0.0492,0.0,545,27250,43600,272,2906.7,350.0,92.58,14813.1,4521.0,65.8
microsoft/RustTraining,https://github.com/microsoft/RustTraining,Rust,14061,2026-03-13T04:25:17Z,3,3,161.25,10.010277777777778,25.13388888888889,32,0.5969,47,0.0,1,1.0,1,0.4,0,3.027,2.1189,0.0,0.36,0,0.3554,0.0,129,6450,10320,64,688.0,320.3,16.99,2718.7,983.8,65.7
diesel-rs/diesel,https://github.com/diesel-rs/diesel,Rust,14048,2015-08-29T22:51:00Z,2,3,160.02,4.8875,174.71666666666667,396,0.3342,80,0.0,1,1.0,1,0.56,0,13.846,-0.6853,24.65,0.07,0,0.0006,0.0,7277,363850,582160,3638,38810.7,1935.5,1172.68,187628.9,57511.8,81.5
ReFirmLabs/binwalk,https://github.com/ReFirmLabs/binwalk,Rust,13888,2013-11-15T20:45:40Z,14,3,160.0,19.210833333333333,166.30624999999998,91,0.8464,73,0.0,1,0.0,1,0.3143,1,12.517,0.0,418.22,0.32,0,0.0064,0.0,1732,86600,138560,866,9237.3,1748.2,311.74,49877.7,15118.7,80.4
microsoft/edit,https://github.com/microsoft/edit,Rust,13772,2025-03-21T18:58:21Z,0,3,160.0,9.147777777777778,51.139722222222225,74,0.7511,64,0.0,1,1.0,1,0.88,0,13.619,0.5455,78.16,0.01,0,0.0148,0.0,438,21900,35040,219,2336.0,676.9,73.6,11775.5,3726.2,69.1
espanso/espanso,https://github.com/espanso/espanso,Rust,13695,2019-08-30T07:16:58Z,2,3,160.0,1.2440277777777777,45.00333333333333,48,0.8357,80,0.0,1,4.0,1,0.5,0,9.627,-0.0699,117.31,0.5,0,0.4503,0.0,1540,77000,123200,770,8213.3,59.7,275.55,44088.7,12942.3,76.5
ast-grep/ast-grep,https://github.com/ast-grep/ast-grep,Rust,13612,2022-07-01T19:21:00Z,0,3,160.06,12.71513888888889,19.219166666666666,79,0.9397,80,0.0,1,1.0,1,0.92,0,11.936,-0.1608,9.96,0.65,24,0.0575,0.0,2821,141050,225680,1410,15045.3,1004.5,520.28,83244.2,24472.8,75.6
rathole-org/rathole,https://github.com/rathole-org/rathole,Rust,13461,2021-12-14T05:03:07Z,12,3,160.71,0.6488888888888888,49.58166666666666,24,0.8578,71,0.0,1,2.0,1,0.58,1,9.664,0.0,187.17,0.26,0,0.0173,0.0,225,11250,18000,112,1200.0,15.6,36.57,5850.9,1774.9,68.8
rolldown/rolldown,https://github.com/rolldown/rolldown,Rust,13381,2023-09-18T14:20:28Z,0,3,160.03,0.4640277777777778,42.19611111111111,174,0.2659,70,0.0,1,1.0,1,0.8,0,7.879,-2.451,2.32,0.15,27,0.2995,0.0,5979,298950,478320,2989,31888.0,80.7,954.09,152654.5,46499.1,82.3
ClementTsang/bottom,https://github.com/ClementTsang/bottom,Rust,13248,2019-08-28T23:43:30Z,0,3,160.07,0.7991666666666667,130.97722222222222,77,0.9485,79,0.0,1,1.0,1,0.76,1,8.351,0.4336,102.3,0.4,0,0.0082,0.0,2371,118550,189680,1185,12645.3,61.5,433.5,69360.0,20213.1,80.5
rust-lang/rust-clippy,https://github.com/rust-lang/rust-clippy,Rust,13108,2014-11-19T07:49:21Z,1,3,160.0,1.1758333333333333,77.95666666666666,387,0.2141,66,0.0,1,2.5,1,0.88,1,13.498,-2.6119,0.0,0.27,0,0.0052,0.0,23006,1150300,1840480,11503,122698.7,455.0,3927.02,628322.9,187150.4,87.8
libnyanpasu/clash-nyanpasu,https://github.com/libnyanpasu/clash-nyanpasu,Rust,12974,2023-11-10T01:25:55Z,0,3,160.06,3.3381944444444445,90.44611111111111,52,0.3692,90,0.0,1,1.0,1,0.08,0,8.176,-1.972,38.0,0.38,92,0.4995,0.0,2725,136250,218000,1362,14533.3,173.6,418.08,66893.6,20697.5,81.3
volta-cli/volta,https://github.com/volta-cli/volta,Rust,12937,2017-09-25T20:06:43Z,164,3,160.06,58.673472222222216,49.91555555555556,55,0.4423,96,0.0,1,1.0,1,0.24,1,12.024,0.0,106.39,0.08,0,0.0487,0.0,2815,140750,225200,1407,15013.3,3227.0,432.6,69215.3,22317.8,71.9
rayon-rs/rayon,https://github.com/rayon-rs/rayon,Rust,12933,2014-10-02T15:38:05Z,5,3,160.0,29.121388888888887,24.84861111111111,141,0.4537,85,0.0,1,1.0,1,0.92,1,15.751,0.979,0.0,0.07,0,0.0002,0.0,2010,100500,160800,1005,10720.0,4106.1,303.73,48596.6,16311.1,85.0
web-infra-dev/rspack,https://github.com/web-infra-dev/rspack,Rust,12654,2022-04-01T08:45:30Z,0,3,160.02,0.5111111111111111,20.26222222222222,268,0.1147,89,0.0,1,1.0,1,0.56,1,10.522,0.5944,3.41,0.17,81,0.4095,0.0,7837,391850,626960,3918,41797.3,137.0,1267.61,202818.3,61503.4,88.9
Canop/broot,https://github.com/Canop/broot,Rust,12629,2018-11-15T20:09:19Z,17,3,160.0,3.406388888888889,48.77097222222223,111,0.8989,60,0.0,1,1.0,1,0.92,1,15.087,-0.1469,19.39,0.28,0,0.0181,0.0,1968,98400,157440,984,10496.0,378.1,356.48,57037.1,16768.8,79.6
stalwartlabs/stalwart,https://github.com/stalwartlabs/stalwart,Rust,12552,2023-03-06T13:37:23Z,0,3,160.0,22.374027777777776,7.0025,49,0.9544,36,0.0,1,1.0,1,1.0,1,11.069,1.4545,17.44,0.26,0,0.0148,0.0,1382,69100,110560,691,7370.7,1096.3,245.95,39351.8,11884.6,80.5
orf/gping,https://github.com/orf/gping,Rust,12452,2015-10-17T14:34:25Z,7,3,160.0,15.890277777777776,1346.5059722222222,55,0.8647,64,0.0,1,1.0,1,0.94,0,12.613,-0.0699,56.59,0.34,0,0.0514,0.0,532,26600,42560,266,2837.3,874.0,90.26,14442.4,4569.3,68.7
elkowar/eww,https://github.com/elkowar/eww,Rust,12324,2020-09-19T20:07:39Z,54,3,160.23,32.80361111111111,61.99305555555556,103,0.6758,69,0.0,1,1.0,1,0.9512,0,11.499,-0.0105,185.24,0.6,0,0.0186,0.0,691,34550,55280,345,3685.3,3378.8,98.99,15838.0,6023.9,69.1
microsoft/windows-rs,https://github.com/microsoft/windows-rs,Rust,12135,2019-09-12T17:03:25Z,0,3,160.0,3.4945833333333334,27.485277777777778,83,0.711,54,0.0,1,1.0,1,0.9,0,11.827,3.1154,29.4,0.07,0,0.0316,0.0,2038,101900,163040,1019,10869.3,290.1,369.81,59169.2,17355.5,77.9
nearai/ironclaw,https://github.com/nearai/ironclaw,Rust,12055,2026-02-03T06:57:10Z,0,3,160.13,19.783749999999998,21.901249999999997,97,0.3268,70,0.0,1,2.0,1,0.6,1,12.291,3.8462,2.74,0.16,0,0.1397,0.0,1267,63350,101360,633,6757.3,1919.0,187.09,29934.0,9941.1,86.7
svenstaro/genact,https://github.com/svenstaro/genact,Rust,12007,2011-02-09T08:11:05Z,22,3,160.0,5.026944444444444,108.07013888888889,32,0.823,65,0.0,1,3.0,1,0.8,0,14.665,0.1818,182.84,0.27,0,0.0169,0.0,836,41800,66880,418,4458.7,160.9,145.09,23213.9,6920.4,72.5
hyperium/tonic,https://github.com/hyperium/tonic,Rust,12006,2019-08-09T17:59:37Z,0,3,160.0,4.9425,81.41972222222222,299,0.3221,87,0.0,1,2.5,1,0.58,1,11.64,-0.1189,56.4,0.04,0,0.0226,0.0,1394,69700,111520,697,7434.7,1477.8,206.83,33092.2,10779.1,86.8
glzr-io/glazewm,https://github.com/glzr-io/glazewm,Rust,11961,2020-06-28T10:28:26Z,6,3,160.0,44.955416666666665,121.82333333333334,70,0.8969,38,0.0,1,2.5,1,0.68,0,8.268,-0.0559,69.43,0.38,0,0.0059,0.0,1834,91700,146720,917,9781.3,3146.9,331.04,52966.4,16428.0,75.5
orhun/git-cliff,https://github.com/orhun/git-cliff,Rust,11790,2021-05-30T11:11:58Z,2,3,160.0,0.0,258.9797222222222,138,0.7607,0,0.0,1,1.0,1,0.74,0,8.917,0.0385,33.49,0.24,0,0.0922,0.0,1166,58300,93280,583,6218.7,0.0,205.75,32920.4,9693.4,77.2
o2sh/onefetch,https://github.com/o2sh/onefetch,Rust,11753,2018-09-14T18:51:00Z,1,3,160.0,6.553333333333334,132.69361111111112,143,0.7029,85,0.0,1,1.0,1,0.82,1,9.74,-0.8951,61.2,0.44,0,0.0067,0.0,2104,105200,168320,1052,11221.3,937.1,382.39,61182.8,18128.3,82.9
imsnif/bandwhich,https://github.com/imsnif/bandwhich,Rust,11708,2019-09-06T21:08:33Z,3,3,160.0,22.259166666666665,18.828055555555554,49,0.3964,75,0.0,1,2.0,1,0.4,0,11.716,-0.035,197.62,0.06,0,0.0,0.0,560,28000,44800,280,2986.7,1090.7,79.38,12701.3,4360.8,74.2
bootandy/dust,https://github.com/bootandy/dust,Rust,11632,2018-03-16T19:49:52Z,66,3,160.0,9.858055555555556,528.3855555555556,64,0.756,74,0.0,1,0.0,1,0.26,1,15.439,-0.0385,71.95,0.13,0,0.2596,0.0,582,29100,46560,291,3104.0,630.9,99.19,15870.8,4915.4,70.7
seanmonstar/reqwest,https://github.com/seanmonstar/reqwest,Rust,11569,2016-07-01T00:23:08Z,1,3,160.0,11.893611111111111,42.47277777777778,375,0.4682,71,0.0,1,1.0,1,0.7,1,16.189,0.0874,26.46,0.03,0,0.0,0.0,1226,61300,98080,613,6538.7,4460.1,180.74,28917.8,10390.9,85.2
Zackriya-Solutions/meetily,https://github.com/Zackriya-Solutions/meetily,Rust,11434,2024-12-26T12:52:14Z,43,3,160.37,10.398888888888889,327.8330555555556,9,0.5494,53,0.0,1,1.0,1,0.5517,0,4.22,-0.9965,32.35,0.17,0,0.5456,0.0,435,21750,34800,217,2320.0,93.6,60.89,9742.3,3136.5,59.2
cloudflare/quiche,https://github.com/cloudflare/quiche,Rust,11432,2018-09-29T18:22:05Z,0,3,160.0,0.0,0.0,128,0.5885,0,0.0,1,3.0,1,0.66,0,15.066,-0.8322,55.45,0.0,0,0.036,0.0,2338,116900,187040,1169,12469.3,0.0,355.97,56955.6,17625.8,79.1
tensorzero/tensorzero,https://github.com/tensorzero/tensorzero,Rust,11284,2024-07-16T21:00:53Z,0,3,160.04,0.0,2.4693055555555556,114,0.2978,0,0.0,1,2.0,1,0.94,0,12.903,-7.1748,5.0,0.0,29,0.2113,0.0,3909,195450,312720,1954,20848.0,0.0,610.66,97705.4,29965.1,82.0
GitoxideLabs/gitoxide,https://github.com/GitoxideLabs/gitoxide,Rust,11252,2018-06-07T17:33:00Z,0,3,160.0,5.692222222222222,51.01777777777778,183,0.8554,89,0.0,1,1.0,1,0.94,1,16.657,1.3566,0.0,0.17,0,0.0819,0.0,15106,755300,1208480,7553,80565.3,1041.7,3029.83,484772.4,137549.6,81.4
longbridge/gpui-component,https://github.com/longbridge/gpui-component,Rust,11200,2024-06-13T13:45:39Z,0,3,160.0,2.249722222222222,37.486805555555556,89,0.6577,37,0.0,1,1.0,1,0.88,0,15.573,0.007,18.26,0.08,0,0.022,0.0,1794,89700,143520,897,9568.0,200.2,269.55,43128.4,13469.7,78.4
flxzt/rnote,https://github.com/flxzt/rnote,Rust,11167,2021-08-05T13:04:32Z,4,3,160.0,42.39972222222222,28.475833333333334,73,0.8689,75,0.0,1,1.0,1,0.88,0,9.867,0.1503,61.77,0.47,0,0.0322,0.0,2288,114400,183040,1144,12202.7,3095.2,417.58,66812.8,20392.5,76.0
quickwit-oss/quickwit,https://github.com/quickwit-oss/quickwit,Rust,11119,2021-04-13T22:45:40Z,0,3,160.05,7.988611111111111,461.81888888888886,110,0.2463,92,0.0,1,1.0,1,0.86,0,13.261,1.1853,112.71,0.01,0,0.1097,0.0,3321,166050,265680,1660,17712.0,878.7,514.59,82334.5,25586.5,82.5
ekzhang/bore,https://github.com/ekzhang/bore,Rust,11090,2022-04-04T02:47:54Z,83,3,160.0,16.475972222222225,25.37638888888889,21,0.5882,24,0.0,1,1.0,1,0.7917,1,11.228,-0.0385,124.38,0.1176,0,0.0532,0.0,68,3400,5440,34,362.7,346.0,8.67,1388.0,562.8,63.2
EasyTier/EasyTier,https://github.com/EasyTier/EasyTier,Rust,11078,2023-09-29T17:03:53Z,0,3,160.18,1.37,26.275694444444447,81,0.533,97,0.0,1,1.0,1,0.28,0,10.967,1.3427,27.03,0.46,2,0.1186,0.0,893,44650,71440,446,4762.7,111.0,129.58,20732.1,6561.1,78.1
moghtech/komodo,https://github.com/moghtech/komodo,Rust,11039,2022-03-13T09:14:50Z,0,3,160.0,23.97347222222222,48.54694444444444,20,0.759,68,0.0,1,1.0,1,0.54,0,6.538,0.1818,9.48,0.24,0,0.3956,0.0,2846,142300,227680,1423,15178.7,479.5,525.12,84019.0,24537.0,77.4
PRQL/prql,https://github.com/PRQL/prql,Rust,10810,2022-01-18T00:37:55Z,0,3,160.0,1.7227777777777777,20.06888888888889,86,0.655,37,0.0,1,1.0,1,0.9,0,10.493,1.8601,44.45,0.2,0,0.1385,0.0,3232,161600,258560,1616,17237.3,148.2,500.12,80019.3,24667.0,78.5
huggingface/tokenizers,https://github.com/huggingface/tokenizers,Rust,10682,2019-11-01T17:52:20Z,1,3,160.0,19.469027777777775,672.3936111111111,138,0.5327,80,0.0,1,2.0,1,0.04,0,13.691,0.5909,41.47,0.03,0,0.2813,0.0,1924,96200,153920,962,10261.3,2686.7,290.1,46415.7,15219.8,79.6
Spotifyd/spotifyd,https://github.com/Spotifyd/spotifyd,Rust,10610,2014-12-10T21:05:13Z,6,3,160.0,16.689166666666665,347.21194444444444,114,0.3179,81,0.0,1,1.0,1,0.64,0,9.93,-0.0385,154.28,0.23,0,0.0137,0.0,582,29100,46560,291,3104.0,1902.6,82.66,13225.7,4767.9,75.1
tensorflow/tensorflow,https://github.com/tensorflow/tensorflow,C++,194932,2015-11-07T01:19:20Z,0,3,160.0,9.337777777777777,0.0,411,0.3748,39,0.0,1,1.5,1,0.56,0,10.732,10.3741,48.1,0.0,0,0.4416,0.0,153871,7693550,12309680,76935,820645.3,3837.8,28883.14,4621301.9,1335734.4,81.3
facebook/react-native,https://github.com/facebook/react-native,C++,125734,2015-01-09T18:10:16Z,0,3,160.01,0.5925,7.189722222222223,304,0.0552,35,0.0,1,0.0,1,0.62,0,15.039,-2.9406,4.47,0.01,98,0.6583,0.0,30083,1504150,2406640,15041,160442.7,180.1,5204.36,832696.9,246814.8,84.4
electron/electron,https://github.com/electron/electron,C++,121074,2013-04-12T01:47:36Z,0,3,160.0,23.246666666666666,9.309444444444445,368,0.3125,88,0.0,1,1.5,1,0.38,1,14.657,3.3462,1.52,0.14,118,0.4474,0.0,27146,1357300,2171680,13573,144778.7,8554.8,4672.19,747551.1,224466.0,86.9
godotengine/godot,https://github.com/godotengine/godot,C++,110101,2014-01-04T16:05:36Z,0,3,160.0,51.57972222222222,7.863333333333333,457,0.4077,76,0.0,1,1.0,1,0.78,1,12.62,-4.007,46.9,0.1,44,0.1298,0.0,76714,3835700,6137120,38357,409141.3,23571.9,13907.47,2225195.1,656681.2,85.9
ggml-org/llama.cpp,https://github.com/ggml-org/llama.cpp,C++,107347,2023-03-10T18:58:00Z,0,3,160.02,8.881666666666666,4.295,443,0.2271,51,0.0,1,2.0,1,0.12,1,13.19,2.3287,0.14,0.17,10,0.4308,0.0,7599,379950,607920,3799,40528.0,3934.6,1227.22,196355.9,60715.6,87.7
microsoft/terminal,https://github.com/microsoft/terminal,C++,102959,2017-08-11T18:38:22Z,0,3,160.0,25.23611111111111,30.89472222222222,434,0.2117,77,0.0,1,1.0,1,0.54,0,12.783,-0.5909,22.86,0.01,0,0.0768,0.0,4808,240400,384640,2404,25642.7,10952.5,758.91,121426.2,40392.3,82.9
bitcoin/bitcoin,https://github.com/bitcoin/bitcoin,C++,88963,2010-12-19T15:16:43Z,1,3,160.0,88.29041666666666,12.344722222222222,339,0.1904,6,0.0,1,5.0,1,0.62,1,14.446,-5.4021,61.78,0.11,0,0.3502,0.0,38890,1944500,3111200,19445,207413.3,29930.5,6814.9,1090384.2,330762.6,88.0
opencv/opencv,https://github.com/opencv/opencv,C++,87283,2012-07-19T09:40:17Z,0,3,160.01,13.367638888888889,127.6986111111111,275,0.3754,70,0.0,1,1.5,1,0.08,0,13.002,0.0385,67.31,0.07,0,0.1268,0.0,21391,1069550,1711280,10695,114085.3,3676.1,3638.08,582093.0,174564.1,81.2
tesseract-ocr/tesseract,https://github.com/tesseract-ocr/tesseract,C++,73797,2014-08-12T18:04:59Z,2,3,160.02,8.55,31.457361111111112,196,0.3723,73,0.0,1,1.0,1,0.92,1,12.998,-0.5664,88.14,0.42,0,0.0465,0.0,6451,322550,516080,3225,34405.3,1675.8,1033.33,165332.5,50771.9,86.1
ocornut/imgui,https://github.com/ocornut/imgui,C++,72871,2014-07-21T14:29:47Z,0,3,160.0,2.076388888888889,25.05027777777778,425,0.9022,56,0.0,1,0.0,1,0.94,0,11.775,1.1049,22.19,0.0,0,0.1152,0.0,9714,485700,777120,4857,51808.0,882.5,1905.81,304929.2,87154.6,76.0
protocolbuffers/protobuf,https://github.com/protocolbuffers/protobuf,C++,71172,2014-08-26T15:52:15Z,0,3,160.01,18.15152777777778,17.79611111111111,368,0.1728,76,0.0,1,0.0,1,0.74,0,9.596,1.4371,12.05,0.05,0,0.6236,0.0,19501,975050,1560080,9750,104005.3,6679.8,3301.33,528213.4,159649.3,83.3
LadybirdBrowser/ladybird,https://github.com/LadybirdBrowser/ladybird,C++,62597,2024-05-30T09:18:10Z,0,3,160.0,7.800833333333333,14.961944444444445,426,0.2414,91,0.0,1,1.0,1,0.9,0,12.523,-6.8951,0.0,0.04,4,0.4461,0.0,75307,3765350,6024560,37653,401637.3,3323.2,13639.76,2182362.3,638288.1,82.6
WerWolv/ImHex,https://github.com/WerWolv/ImHex,C++,53351,2020-11-10T14:27:00Z,2,3,160.0,6.052777777777778,15.518333333333333,166,0.8902,75,0.0,1,0.0,1,0.62,1,10.969,-0.1224,48.02,0.36,0,0.0479,0.0,6254,312700,500320,3127,33354.7,1004.8,1200.26,192042.2,55387.2,80.9
nlohmann/json,https://github.com/nlohmann/json,C++,49523,2013-07-04T08:47:49Z,4,3,160.04,18.763055555555557,448.0477777777778,314,0.7708,67,0.0,1,1.0,1,0.58,1,15.651,0.1224,139.58,0.08,0,0.0311,0.0,4555,227750,364400,2277,24293.3,5891.6,860.45,137671.4,41448.4,82.0
ggml-org/whisper.cpp,https://github.com/ggml-org/whisper.cpp,C++,49152,2022-09-25T18:26:37Z,9,3,160.0,9.133888888888889,244.8745833333333,441,0.3318,81,0.0,1,1.0,1,0.3,1,13.012,-3.6434,46.19,0.58,0,0.4662,0.0,3834,191700,306720,1917,20448.0,4028.0,598.36,95738.0,30580.0,85.9
x64dbg/x64dbg,https://github.com/x64dbg/x64dbg,C++,48230,2015-04-11T20:48:23Z,3,3,160.0,6.571944444444444,15.582916666666668,146,0.6491,70,0.0,1,1.0,1,0.7,0,12.963,2.4126,1513.3,0.2,0,0.1789,0.0,5994,299700,479520,2997,31968.0,959.5,956.6,153056.7,46883.2,78.3
ClickHouse/ClickHouse,https://github.com/ClickHouse/ClickHouse,C++,47122,2016-06-02T08:28:18Z,0,3,160.0,4.420555555555556,39.87527777777778,305,0.2165,79,0.0,1,3.0,1,0.72,1,10.337,-63.7867,1.79,0.0,18,0.2953,0.0,209253,10462650,16740240,104626,1116016.0,1348.3,39887.34,6381973.6,1834807.2,87.8
grpc/grpc,https://github.com/grpc/grpc,C++,44693,2014-12-08T18:58:53Z,0,3,160.0,3.1633333333333336,0.0,301,0.1943,75,0.0,1,0.0,1,0.68,1,11.979,-0.986,12.31,0.03,3,0.2781,0.0,54125,2706250,4330000,27062,288666.7,952.2,9642.68,1542828.1,453184.6,88.1
putyy/res-downloader,https://github.com/putyy/res-downloader,Go,17054,2023-09-01T08:03:47Z,119,3,160.0,6.2363888888888885,674.1475,4,0.9762,6,0.0,1,0.0,1,1.0,0,8.705,0.0,30.7,0.18,0,0.5628,0.0,168,8400,13440,84,896.0,24.9,26.91,4305.3,1316.5,40.8
zhongyang219/TrafficMonitor,https://github.com/zhongyang219/TrafficMonitor,C++,44247,2017-07-30T02:51:17Z,23,3,160.0,182.78305555555556,339.1431944444445,47,0.8414,64,0.0,1,0.0,1,0.94,0,8.82,-0.2972,174.17,0.4,0,0.0305,0.0,1324,66200,105920,662,7061.3,8590.8,235.12,37619.5,13631.8,74.7
Light-City/CPlusPlusThings,https://github.com/Light-City/CPlusPlusThings,C++,43089,2019-07-14T08:45:45Z,48,3,160.54,550.8226388888888,405.1365277777778,47,0.6881,54,0.0,1,1.0,0,0.0,0,9.161,-0.0245,0.0,0.42,0,0.1241,0.0,295,14750,23600,147,1573.3,25888.7,40.5,6479.8,9849.2,53.5
aria2/aria2,https://github.com/aria2/aria2,C++,40768,2010-11-27T09:41:48Z,50,3,160.0,13.046944444444444,154.04416666666665,63,0.9212,75,0.0,1,1.0,1,1.0,1,15.588,-0.042,219.04,0.5,0,0.0581,0.0,5418,270900,433440,2709,28896.0,822.0,1032.39,165181.7,47730.9,76.6
facebookresearch/faiss,https://github.com/facebookresearch/faiss,C++,39882,2017-02-07T16:07:05Z,0,3,160.0,24.692916666666665,0.0,241,0.2137,68,0.0,1,0.0,1,0.68,1,11.432,1.9266,113.17,0.15,0,0.3962,0.0,1572,78600,125760,786,8384.0,5951.0,234.64,37542.6,13485.8,87.9
google/leveldb,https://github.com/google/leveldb,C++,38992,2014-08-27T21:17:52Z,49,3,160.0,1008.7701388888888,93.09833333333333,54,0.4551,10,0.0,1,1.0,1,0.3158,0,15.867,-0.1014,251.07,0.17,0,0.0501,0.0,356,17800,28480,178,1898.7,54473.6,49.33,7893.5,18870.1,66.7
google/googletest,https://github.com/google/googletest,C++,38540,2015-07-28T15:07:53Z,29,3,160.06,18.468055555555555,213.41069444444446,385,0.4527,55,0.0,1,1.0,1,0.62,0,11.263,-0.3601,182.45,0.1,0,0.1044,0.0,2825,141250,226000,1412,15066.7,7110.2,434.21,69473.5,23561.1,78.1
duckdb/duckdb,https://github.com/duckdb/duckdb,C++,37822,2018-06-26T15:04:45Z,0,3,160.0,12.886111111111111,10.9175,341,0.3703,74,0.0,1,1.0,1,0.38,1,12.584,16.1434,27.31,0.0,0,0.1169,0.0,65361,3268050,5228880,32680,348592.0,4394.2,11754.78,1880764.2,551767.1,86.3
qbittorrent/qBittorrent,https://github.com/qbittorrent/qBittorrent,C++,36765,2012-02-04T09:37:46Z,1,3,160.02,36.670833333333334,12.320555555555556,391,0.3501,66,0.0,1,2.0,1,0.88,1,13.182,0.0035,0.0,0.44,0,0.309,0.0,9185,459250,734800,4592,48986.7,14338.3,1497.49,239597.8,76714.4,86.4
aseprite/aseprite,https://github.com/aseprite/aseprite,C++,36757,2014-08-19T23:44:50Z,0,3,160.02,21.857777777777777,113.33916666666667,136,0.8924,67,0.0,1,1.0,1,0.7,1,16.932,0.0315,31.94,0.0,0,0.0592,0.0,10533,526650,842640,5266,56176.0,2972.7,2074.87,331979.0,95375.6,81.1
LizardByte/Sunshine,https://github.com/LizardByte/Sunshine,C++,36532,2021-12-15T23:38:57Z,0,3,160.07,24.361666666666668,18.601666666666667,169,0.4332,71,0.0,1,1.0,1,0.1,1,8.972,0.0559,69.26,0.26,12,0.2512,0.0,2253,112650,180240,1126,12016.0,4117.1,342.4,54783.4,18199.8,85.7
hyprwm/Hyprland,https://github.com/hyprwm/Hyprland,C++,35361,2022-03-16T19:49:13Z,0,3,160.0,2.0108333333333333,0.0,425,0.6516,79,0.0,1,1.0,1,0.74,1,7.79,0.1748,18.74,0.46,0,0.0536,0.0,6886,344300,550880,3443,36725.3,854.6,1106.61,177057.8,54030.6,83.5
google-ai-edge/mediapipe,https://github.com/google-ai-edge/mediapipe,C++,35009,2019-06-13T19:16:41Z,0,3,160.0,0.0,403.1377777777778,100,0.2911,0,0.0,1,1.0,1,0.9,0,8.781,1.0524,41.66,0.11,1,0.3681,0.0,2590,129500,207200,1295,13813.3,0.0,396.36,63418.3,19590.3,82.1
carbon-language/carbon-lang,https://github.com/carbon-language/carbon-lang,C++,33683,2020-04-27T21:45:16Z,0,3,160.0,23.135555555555555,35.041666666666664,173,0.3539,91,0.0,1,1.0,1,0.72,0,11.432,0.507,0.9,0.02,5,0.1085,0.0,5168,258400,413440,2584,27562.7,4002.5,818.69,130990.1,41180.1,81.5
SerenityOS/serenity,https://github.com/SerenityOS/serenity,C++,33117,2018-12-02T19:28:41Z,1,3,160.0,1.0183333333333333,0.0,421,0.2513,74,0.0,1,1.0,1,0.84,0,12.534,-1.4091,0.0,0.15,0,0.1179,0.0,65086,3254300,5206880,32543,347125.3,428.7,11702.85,1872456.3,548182.5,82.4
microsoft/WSL,https://github.com/microsoft/WSL,C++,32083,2016-04-06T17:32:56Z,0,3,160.0,18.1875,29.66861111111111,104,0.3153,67,0.0,1,2.0,1,0.74,1,9.625,1.1364,23.3,0.05,0,0.4142,0.0,666,33300,53280,333,3552.0,1891.5,95.23,15236.9,5390.8,81.8
aristocratos/btop,https://github.com/aristocratos/btop,C++,31915,2021-05-06T18:40:21Z,3,3,160.0,13.645,8.497916666666667,149,0.5366,83,0.0,1,1.5,1,0.86,1,6.749,-0.2203,89.6,0.48,0,0.2046,0.0,1450,72500,116000,725,7733.3,2033.1,215.56,34489.4,11374.5,84.4
facebook/rocksdb,https://github.com/facebook/rocksdb,C++,31652,2012-11-30T06:16:18Z,0,3,160.0,10.989444444444445,15.525833333333333,299,0.1119,69,0.0,1,0.0,1,0.46,0,12.369,0.472,24.55,0.08,0,0.1617,0.0,10714,535700,857120,5357,57141.3,3285.8,1760.27,281643.0,85885.0,83.9
telegramdesktop/tdesktop,https://github.com/telegramdesktop/tdesktop,C++,31601,2014-05-02T12:36:31Z,1,3,160.01,23.061805555555555,7.916111111111111,206,0.6693,80,0.0,1,2.0,1,0.96,0,10.768,1.0245,5.25,0.03,0,0.0269,0.0,22933,1146650,1834640,11466,122309.3,4750.7,3913.94,626229.7,187825.8,78.2
ValveSoftware/Proton,https://github.com/ValveSoftware/Proton,C++,31203,2018-03-13T18:45:27Z,0,3,160.0,10.0475,0.5252777777777777,87,0.3844,9,0.0,1,0.0,0,0.0,0,11.71,0.465,38.54,0.0,0,0.4689,0.0,2154,107700,172320,1077,11488.0,874.1,326.62,52258.6,16458.0,71.2
shadps4-emu/shadPS4,https://github.com/shadps4-emu/shadPS4,C++,30951,2022-10-24T09:48:37Z,0,3,160.0,9.944444444444445,10.308055555555555,189,0.296,67,0.0,1,1.0,1,0.96,1,7.907,1.0629,30.79,0.43,0,0.0156,0.0,3848,192400,307840,1924,20522.7,1879.5,600.66,96105.1,30046.2,87.0
microsoft/calculator,https://github.com/microsoft/calculator,C++,30919,2019-01-28T17:55:49Z,14,3,160.0,16.060833333333335,1219.5572222222222,96,0.1493,70,0.0,1,1.0,1,0.88,0,11.432,0.0245,0.0,0.02,0,0.2772,0.0,864,43200,69120,432,4608.0,1541.8,125.16,20025.8,6771.7,80.3
FreeCAD/FreeCAD,https://github.com/FreeCAD/FreeCAD,C++,30670,2012-09-09T08:25:02Z,0,3,160.0,9.039166666666667,9.130555555555556,305,0.2042,39,0.0,1,1.0,1,0.68,1,13.371,1.4021,2.77,0.17,0,0.4894,0.0,44099,2204950,3527920,22049,235194.7,2756.9,7776.42,1244227.8,367270.0,88.0
dragonflydb/dragonfly,https://github.com/dragonflydb/dragonfly,C++,30419,2021-12-11T10:00:42Z,0,3,160.03,3.9825,71.00361111111111,149,0.3412,91,0.0,1,3.0,1,0.64,1,11.394,-0.3986,13.52,0.14,3,0.2701,0.0,4593,229650,367440,2296,24496.0,593.4,723.32,115731.3,35572.3,86.6
facebook/folly,https://github.com/facebook/folly,C++,30344,2012-06-01T20:49:04Z,0,3,160.0,124.46888888888888,96.7161111111111,281,0.231,1,0.0,1,0.0,1,0.66,0,15.247,1.014,2.55,0.1,0,0.1028,0.0,11858,592900,948640,5929,63242.7,34975.8,1958.13,313301.0,104774.3,82.7
flameshot-org/flameshot,https://github.com/flameshot-org/flameshot,C++,29796,2017-05-10T19:44:51Z,0,3,160.0,7.995833333333334,24.27111111111111,294,0.2051,82,0.0,1,1.0,1,0.74,1,10.184,0.2797,235.23,0.22,0,0.1054,0.0,1916,95800,153280,958,10218.7,2350.8,288.83,46213.1,15057.2,87.9
barry-ran/QtScrcpy,https://github.com/barry-ran/QtScrcpy,C++,29358,2019-06-23T04:12:17Z,26,3,160.32,119.27597222222222,570.0783333333334,29,0.833,30,0.0,1,1.0,1,0.94,0,9.974,0.014,101.31,0.29,0,0.3558,0.0,503,25150,40240,251,2682.7,3459.0,85.11,13616.9,5102.4,67.0
ossrs/srs,https://github.com/ossrs/srs,C++,28779,2015-04-29T06:59:32Z,1,3,160.02,182.53222222222223,57.18638888888889,112,0.9246,55,0.0,1,1.0,1,0.98,0,13.287,0.0769,46.24,0.37,0,0.0891,0.0,8731,436550,698480,4365,46565.3,20443.6,1703.84,272614.0,83938.5,75.7
gabime/spdlog,https://github.com/gabime/spdlog,C++,28704,2014-11-01T01:28:53Z,11,3,160.04,2.5144444444444445,63.63166666666667,386,0.7444,71,0.0,1,2.5,1,0.68,1,12.648,-0.0629,79.88,0.37,0,0.0352,0.0,4253,212650,340240,2126,22682.7,970.6,800.65,128103.5,37253.2,81.6
dmlc/xgboost,https://github.com/dmlc/xgboost,C++,28330,2014-02-06T17:28:03Z,0,3,160.02,2.6552777777777776,76.03333333333333,398,0.2645,57,0.0,1,2.0,1,0.66,1,12.472,-0.2867,31.0,0.1,0,0.5519,0.0,7255,362750,580400,3627,38693.3,1056.8,1168.96,187033.3,57070.3,87.4
mongodb/mongo,https://github.com/mongodb/mongo,C++,28275,2009-01-15T16:15:18Z,0,3,160.0,57.27111111111111,0.0,321,0.0841,7,0.0,1,0.0,1,1.0,0,16.292,6.8706,0.0,0.0,7,0.3114,0.0,80964,4048200,6477120,40482,431808.0,18384.0,14717.58,2354812.2,692381.6,84.2
taichi-dev/taichi,https://github.com/taichi-dev/taichi,C++,28177,2016-11-24T10:00:05Z,23,3,160.0,5.95875,72.21638888888889,231,0.5471,84,0.0,1,1.0,1,0.36,1,11.841,0.0,56.59,0.26,10,0.434,0.0,10586,529300,846880,5293,56458.7,1376.5,1738.19,278111.0,84264.5,82.6
envoyproxy/envoy,https://github.com/envoyproxy/envoy,C++,27902,2016-08-08T15:07:24Z,0,3,160.0,1.7084722222222222,7.1175,370,0.0945,86,0.0,1,1.0,1,0.86,1,11.622,-0.458,14.85,0.09,0,0.1229,0.0,21632,1081600,1730560,10816,115370.7,632.1,3681.13,588980.9,175671.2,89.1
notepad-plus-plus/notepad-plus-plus,https://github.com/notepad-plus-plus/notepad-plus-plus,C++,27822,2015-03-28T00:05:08Z,0,3,160.03,40.49972222222222,25.6025,384,0.481,46,0.0,1,0.0,1,0.96,0,14.974,-1.1049,16.48,0.22,0,0.2038,0.0,6245,312250,499600,3122,33306.7,15551.9,998.71,159793.4,53277.6,80.2
emscripten-core/emscripten,https://github.com/emscripten-core/emscripten,C++,27336,2011-02-12T05:23:30Z,0,3,160.01,75.92166666666667,52.404722222222226,388,0.4487,67,0.0,1,1.0,1,0.66,1,15.944,1.951,0.0,0.17,17,0.4456,0.0,28661,1433050,2292880,14330,152858.7,29457.6,4946.36,791417.5,243550.1,85.5
rethinkdb/rethinkdb,https://github.com/rethinkdb/rethinkdb,C++,26996,2012-10-30T05:37:47Z,32,3,160.0,10.39625,99.98805555555555,143,0.4352,60,0.0,1,1.0,1,0.24,1,15.661,0.0105,202.57,0.19,0,0.1984,0.0,21958,1097900,1756640,10979,117109.3,1486.7,3739.4,598304.3,178661.5,83.0
keepassxreboot/keepassxc,https://github.com/keepassxreboot/keepassxc,C++,26795,2016-02-28T15:52:40Z,4,3,160.0,9.460138888888888,1.6166666666666667,381,0.2165,76,0.0,1,1.0,1,0.74,1,14.899,0.1084,84.12,0.61,0,0.0462,0.0,4452,222600,356160,2226,23744.0,3604.3,700.02,112003.8,35354.1,87.5
ApolloAuto/apollo,https://github.com/ApolloAuto/apollo,C++,26587,2017-07-04T19:03:31Z,13,3,160.0,0.2808333333333333,216.31125,266,0.0903,37,0.0,1,1.0,1,0.9,0,11.33,-0.1189,124.58,0.02,0,0.2368,0.0,18076,903800,1446080,9038,96405.3,74.7,3048.51,487761.1,145777.3,83.0
78/xiaozhi-esp32,https://github.com/78/xiaozhi-esp32,C++,26057,2024-08-31T10:08:16Z,1,3,160.0,9.039861111111112,54.01541666666667,119,0.5069,54,0.0,1,1.5,1,0.76,0,11.218,0.0385,11.81,0.18,0,0.2518,0.0,864,43200,69120,432,4608.0,1075.7,125.16,20025.8,6631.9,77.8
ml-explore/mlx,https://github.com/ml-explore/mlx,C++,25854,2023-11-28T23:33:45Z,1,3,160.0,3.0258333333333334,46.65069444444445,225,0.2318,83,0.0,1,1.0,1,0.4,1,13.31,0.0629,8.88,0.08,2,0.3494,0.0,1096,54800,87680,548,5845.3,680.8,160.67,25707.0,8268.3,87.6
google/flatbuffers,https://github.com/google/flatbuffers,C++,25849,2014-05-19T18:33:01Z,11,3,160.07,58.551944444444445,171.57694444444445,438,0.1703,22,0.0,1,1.0,1,0.64,1,13.214,-0.2413,133.94,0.2,27,0.6221,0.0,2325,116250,186000,1162,12400.0,25645.8,353.89,56623.1,25218.4,87.4
microsoft/winget-cli,https://github.com/microsoft/winget-cli,C++,25785,2019-07-16T22:16:49Z,0,3,160.0,17.391944444444444,33.674166666666665,115,0.3097,99,0.0,1,2.0,1,0.84,0,9.148,0.4231,9.66,0.02,0,0.3901,0.0,1524,76200,121920,762,8128.0,2000.1,227.12,36339.9,11932.0,81.9
typesense/typesense,https://github.com/typesense/typesense,C++,25752,2017-01-18T08:01:47Z,0,3,160.03,20.903055555555557,70.21388888888889,51,0.5529,77,0.0,1,1.0,1,0.66,1,12.05,-0.3462,59.28,0.14,0,0.1194,0.0,4789,239450,383120,2394,25541.3,1066.1,755.77,120922.4,37275.0,84.5
argotorg/solidity,https://github.com/argotorg/solidity,C++,25615,2015-08-17T12:27:26Z,0,3,160.01,11.805833333333334,103.82972222222222,349,0.3901,87,0.0,1,1.0,1,0.98,1,13.549,1.6783,41.34,0.04,0,0.4641,0.0,23063,1153150,1845040,11531,123002.7,4120.2,3937.23,629957.6,188728.9,86.1
deskflow/deskflow,https://github.com/deskflow/deskflow,C++,25494,2014-10-12T23:18:57Z,0,3,160.04,73.44277777777778,3.4855555555555555,139,0.5548,24,0.0,1,1.0,1,0.66,0,12.143,-1.9231,25.31,0.09,0,0.0712,0.0,3841,192050,307280,1920,20485.3,10208.5,599.51,95921.6,32489.5,79.5
v8/v8,https://github.com/v8/v8,C++,24997,2014-09-24T15:24:30Z,0,3,160.0,0.0,0.0,212,0.0691,0,0.0,1,0.0,1,0.96,1,13.691,6.2937,0.0,0.0,0,0.2765,0.0,65059,3252950,5204720,32529,346981.3,0.0,11697.75,1871640.7,547818.8,89.3
mozilla-ai/llamafile,https://github.com/mozilla-ai/llamafile,C++,24321,2023-09-10T21:12:32Z,0,3,160.2,34.63444444444445,646.4727777777778,68,0.738,73,0.0,1,1.0,1,1.0,1,16.763,0.1713,56.27,0.09,0,0.2823,0.0,813,40650,65040,406,4336.0,2355.1,140.9,22543.7,7383.3,79.8
sqlitebrowser/sqlitebrowser,https://github.com/sqlitebrowser/sqlitebrowser,C++,23967,2014-05-04T01:54:44Z,0,3,160.0,7.271527777777777,26.691666666666666,182,0.3848,78,0.0,1,1.0,1,0.9,1,13.039,0.2622,235.7,0.4,0,0.0464,0.0,4088,204400,327040,2044,21802.7,1323.4,640.05,102408.5,31780.1,86.2
PaddlePaddle/Paddle,https://github.com/PaddlePaddle/Paddle,C++,23865,2016-08-15T06:59:08Z,0,3,160.0,13.751111111111111,51.885,359,0.0492,76,0.0,1,1.0,1,0.7,1,12.229,-4.042,54.46,0.12,83,0.5382,0.0,49924,2496200,3993920,24962,266261.3,4936.6,8858.39,1417341.7,418080.0,89.5
simdjson/simdjson,https://github.com/simdjson/simdjson,C++,23698,2018-03-23T00:49:18Z,0,3,160.0,6.080694444444444,36.668055555555554,168,0.5727,70,0.0,1,1.0,1,1.0,1,15.048,0.3252,23.49,0.26,0,0.0329,0.0,3124,156200,249920,1562,16661.3,1021.6,482.59,77214.0,24079.9,84.3
ssloy/tinyrenderer,https://github.com/ssloy/tinyrenderer,C++,23481,2015-01-17T16:46:01Z,159,3,161.0,40.375,24.372222222222224,8,0.9379,4,0.0,1,1.0,0,0.0,0,14.483,0.0,0.0,0.55,0,0.0351,0.0,161,8050,12880,80,858.7,323.0,25.73,4117.2,1349.7,30.8
fmtlib/fmt,https://github.com/fmtlib/fmt,C++,23459,2012-12-07T16:26:46Z,6,3,160.02,10.7375,15.405833333333334,430,0.8187,73,0.0,1,3.0,1,0.54,1,15.156,-0.2483,75.17,0.3,0,0.0417,0.0,7605,380250,608400,3802,40560.0,4617.1,1473.89,235822.5,68829.6,81.3
osquery/osquery,https://github.com/osquery/osquery,C++,23234,2014-07-29T20:27:33Z,1,3,160.0,11.535555555555556,48.138333333333335,383,0.1711,71,0.0,1,2.0,1,0.78,1,14.921,0.3776,26.4,0.02,0,0.3191,0.0,4166,208300,333280,2083,22218.7,4418.1,652.88,104461.2,33327.0,88.2
Tencent/ncnn,https://github.com/Tencent/ncnn,C++,23168,2017-06-30T10:55:37Z,7,3,160.0,1.3880555555555556,12.596527777777776,344,0.7179,65,0.0,1,1.0,1,0.22,1,15.726,-0.2762,40.49,0.2,2,0.4741,0.0,3662,183100,292960,1831,19530.7,477.5,684.25,109480.1,31804.6,82.2
pqrs-org/Karabiner-Elements,https://github.com/pqrs-org/Karabiner-Elements,C++,22019,2016-07-11T04:57:55Z,0,3,160.02,20.074444444444445,1211.7579166666665,49,0.9893,65,0.0,1,1.0,1,0.98,1,15.14,2.3427,69.36,0.46,0,0.2177,0.0,8071,403550,645680,4035,43045.3,983.6,1568.86,251017.9,72021.3,80.1
xbmc/xbmc,https://github.com/xbmc/xbmc,C++,20698,2011-01-03T21:18:51Z,0,3,160.0,59.62888888888889,13.0975,245,0.0797,79,0.0,1,2.0,1,0.98,0,14.962,-2.9476,52.88,0.42,0,0.1315,0.0,52232,2611600,4178560,26116,278570.7,14609.1,9288.88,1486220.4,440912.2,84.2
MaaAssistantArknights/MaaAssistantArknights,https://github.com/MaaAssistantArknights/MaaAssistantArknights,C++,20510,2021-07-09T18:26:38Z,0,3,160.0,7.635555555555555,12.124444444444444,308,0.2906,67,0.0,1,1.0,1,0.82,1,6.927,-2.0734,2.69,0.27,0,0.5393,0.0,17208,860400,1376640,8604,91776.0,2351.8,2894.99,463198.0,139233.1,87.1
microsoft/onnxruntime,https://github.com/microsoft/onnxruntime,C++,20386,2018-11-10T02:22:53Z,0,3,160.01,2.5708333333333333,52.919444444444444,390,0.0554,91,0.0,1,3.0,1,0.36,0,11.251,0.8811,25.72,0.06,0,0.107,0.0,11839,591950,947120,5919,63141.3,1002.6,1954.84,312773.9,94426.2,84.4
catchorg/Catch2,https://github.com/catchorg/Catch2,C++,20348,2010-11-08T18:22:56Z,2,3,160.0,105.81583333333333,208.795,392,0.4763,45,0.0,1,1.0,1,0.9,1,13.768,-0.1958,40.57,0.33,0,0.0986,0.0,4436,221800,354880,2218,23658.7,41479.8,697.38,111581.2,46589.5,85.1
google/filament,https://github.com/google/filament,C++,20022,2018-08-03T17:26:00Z,0,3,160.0,0.6547222222222222,24.839444444444446,205,0.3069,75,0.0,1,2.0,1,0.98,1,13.337,0.2448,3.73,0.05,0,0.4058,0.0,8254,412700,660320,4127,44021.3,134.2,1338.53,214164.5,64883.8,86.9
k4yt3x/video2x,https://github.com/k4yt3x/video2x,C++,19720,2018-02-24T16:34:41Z,53,3,160.16,10.363333333333333,34.117222222222225,24,0.9511,44,0.0,1,1.0,1,0.96,0,9.661,-0.021,180.07,0.38,0,0.1952,0.0,1023,51150,81840,511,5456.0,248.7,179.34,28694.6,8541.5,71.1
TranslucentTB/TranslucentTB,https://github.com/TranslucentTB/TranslucentTB,C++,19443,2017-01-10T00:53:17Z,33,3,160.0,23.365972222222222,8.356666666666667,31,0.9249,58,0.0,1,1.0,0,0.0,0,12.153,-0.0315,145.38,0.24,0,0.0222,0.0,1930,96500,154400,965,10293.3,724.3,349.26,55881.3,16540.2,63.0
Atmosphere-NX/Atmosphere,https://github.com/Atmosphere-NX/Atmosphere,C++,18952,2018-01-18T07:36:33Z,4,3,160.04,2.567222222222222,18.077916666666667,80,0.8142,71,0.0,1,2.0,0,0.0,1,11.748,0.4895,51.48,0.3,0,0.1736,0.0,4305,215250,344400,2152,22960.0,205.4,810.93,129748.6,37491.3,71.5
kyleneideck/BackgroundMusic,https://github.com/kyleneideck/BackgroundMusic,C++,18895,2016-02-24T07:19:32Z,66,3,160.38,27.119722222222222,177.8238888888889,41,0.8118,43,0.0,1,1.0,1,0.28,0,13.397,-0.0804,144.52,0.33,0,0.3966,0.0,425,21250,34000,212,2266.7,1111.9,71.3,11408.8,3748.7,62.8
swoole/swoole-src,https://github.com/swoole/swoole-src,C++,18862,2012-07-21T13:49:59Z,1,3,160.01,6.728611111111111,144.17694444444444,157,0.5988,65,0.0,1,2.0,1,0.6,1,12.473,0.0385,39.94,0.04,0,0.3927,0.0,13035,651750,1042800,6517,69520.0,1056.4,2162.7,346032.0,104283.3,83.9
uNetworking/uWebSockets,https://github.com/uNetworking/uWebSockets,C++,18819,2016-03-21T04:39:40Z,7,3,160.14,3.5494444444444446,164.2575,59,0.9365,49,0.0,1,1.0,1,0.9,1,3.831,0.0455,66.32,0.26,0,0.0959,0.0,1133,56650,90640,566,6042.7,209.4,199.64,31942.8,9472.7,80.1
facebook/yoga,https://github.com/facebook/yoga,C++,18735,2014-04-07T01:37:37Z,8,3,160.08,7.695555555555556,185.4075,235,0.1383,71,0.0,1,0.0,1,0.82,1,14.379,-0.2797,177.92,0.02,14,0.5304,0.0,2111,105550,168880,1055,11258.7,1808.5,319.77,51163.8,16404.7,88.0
rizinorg/cutter,https://github.com/rizinorg/cutter,C++,18706,2017-09-25T09:50:51Z,0,3,160.06,1.6325,115.1198611111111,192,0.2544,85,0.0,1,2.0,1,0.9,0,12.73,0.0035,88.72,0.24,0,0.0614,0.0,2531,126550,202480,1265,13498.7,313.4,386.89,61902.3,19223.8,82.5
RPCS3/rpcs3,https://github.com/RPCS3/rpcs3,C++,18660,2012-11-03T15:16:18Z,0,3,160.01,2.1391666666666667,3.243333333333333,322,0.2017,83,0.0,1,2.0,1,0.82,0,8.447,-1.2902,26.02,0.28,0,0.0577,0.0,17489,874450,1399120,8744,93274.7,688.8,2944.65,471143.2,141072.6,83.0
facebook/hhvm,https://github.com/facebook/hhvm,C++,18616,2010-01-02T01:17:06Z,7,3,160.0,20.88847222222222,93.36805555555556,232,0.0417,4,0.0,1,0.0,1,0.72,0,14.017,-26.2273,0.0,0.02,0,0.5449,0.0,53532,2676600,4282560,26766,285504.0,4846.1,9531.78,1525084.4,449222.7,84.0
Tencent/MMKV,https://github.com/Tencent/MMKV,C++,18559,2018-09-17T10:59:36Z,2,3,160.0,3.8555555555555556,75.36333333333333,43,0.9197,33,0.0,1,0.0,1,1.0,0,13.681,-0.3357,41.85,0.02,0,0.4713,0.0,1756,87800,140480,878,9365.3,165.8,316.27,50603.6,14853.1,75.6
alibaba/weex,https://github.com/alibaba/weex,C++,18558,2016-03-11T10:18:11Z,135,3,160.0,2.2544444444444443,907.4034722222223,193,0.1296,63,0.0,1,1.0,1,1.0,1,12.537,0.0,563.15,0.04,64,0.5764,0.0,11218,560900,897440,5609,59829.3,435.1,1847.31,295570.4,89159.3,77.5
lightgbm-org/LightGBM,https://github.com/lightgbm-org/LightGBM,C++,18305,2016-08-05T05:45:50Z,1,3,160.04,6.332222222222223,709.5361111111112,328,0.2448,88,0.0,1,2.0,1,0.44,1,10.692,0.0734,78.14,0.14,0,0.4937,0.0,3771,188550,301680,1885,20112.0,2077.0,588.04,94086.9,29496.5,87.5
microsoft/AirSim,https://github.com/microsoft/AirSim,C++,18138,2017-02-14T00:52:29Z,45,3,160.0,27.239722222222223,102.03541666666666,192,0.2991,65,0.0,1,5.0,1,0.8182,0,11.916,-0.0035,84.75,0.07,0,0.2638,0.0,3056,152800,244480,1528,16298.7,5230.0,471.56,75450.3,24808.4,78.3
chubin/wttr.in,https://github.com/chubin/wttr.in,Go,29561,2015-12-26T21:03:43Z,1,3,160.09,6.754722222222222,44.812222222222225,204,0.769,81,0.0,1,1.0,1,0.84,1,13.009,1.965,0.0,0.24,6,0.3591,0.0,1879,93950,150320,939,10021.3,1378.0,339.57,54331.8,16290.4,82.2
Wei-Shaw/sub2api,https://github.com/Wei-Shaw/sub2api,Go,19177,2025-12-18T02:26:18Z,0,3,160.0,1.8611111111111112,2.7705555555555557,119,0.341,67,0.0,1,0.0,1,0.62,0,7.503,0.035,1.79,0.2,0,0.3129,0.0,2786,139300,222880,1393,14858.7,221.5,427.92,68466.8,21189.2,81.6
Hmbown/DeepSeek-TUI,https://github.com/Hmbown/DeepSeek-TUI,Rust,22793,2026-01-19T18:21:01Z,0,3,160.0,0.6183333333333333,2.111111111111111,43,0.906,67,0.0,1,1.0,1,0.72,0,4.176,26.5,0.29,0.2,0,0.0508,0.0,904,45200,72320,452,4821.3,26.6,157.5,25200.4,7458.7,74.5
Canner/WrenAI,https://github.com/Canner/WrenAI,Rust,15144,2024-03-13T06:18:20Z,1,3,160.09,11.031944444444445,133.65722222222223,56,0.223,81,0.0,1,1.0,1,0.94,0,10.898,1.2448,30.8,0.0,0,0.4508,0.0,1861,93050,148880,930,9925.3,617.8,280.13,44821.2,14112.2,82.7
google/libphonenumber,https://github.com/google/libphonenumber,C++,17999,2014-12-03T18:02:17Z,2,3,160.07,21.439444444444447,0.0,134,0.1526,50,0.0,1,1.0,1,0.72,0,10.683,0.0664,3.57,0.03,0,0.4667,0.0,2339,116950,187120,1169,12474.7,2872.9,356.13,56981.2,18495.5,83.3
wled/WLED,https://github.com/wled/WLED,C++,17979,2016-12-20T20:42:27Z,0,3,160.0,12.035,43.485,308,0.3498,71,0.0,1,3.0,1,0.78,1,10.987,1.7448,36.38,0.66,20,0.218,0.0,6616,330800,529280,3308,35285.3,3706.8,1061.1,169775.5,52709.8,86.5
pybind/pybind11,https://github.com/pybind/pybind11,C++,17844,2015-07-05T19:46:48Z,4,3,160.0,8.13652777777778,500.1047222222222,378,0.1946,62,0.0,1,1.0,1,0.62,1,13.441,0.0,68.51,0.34,109,0.2958,0.0,2868,143400,229440,1434,15296.0,3075.6,441.15,70584.3,22687.5,87.7
apache/brpc,https://github.com/apache/brpc,C++,17498,2017-09-04T09:28:47Z,3,3,160.07,17.059305555555554,175.38777777777779,239,0.1925,76,0.0,1,2.0,1,0.78,1,12.062,-0.2972,108.91,0.3,0,0.0547,0.0,2405,120250,192400,1202,12826.7,4077.2,366.69,58670.6,19370.6,87.8
upx/upx,https://github.com/upx/upx,C++,17447,2016-08-31T11:23:13Z,0,3,160.0,44.57805555555556,52.935833333333335,18,0.5177,37,0.0,1,0.0,1,0.82,0,11.828,0.7762,232.86,0.24,0,0.4531,0.0,4692,234600,375360,2346,25024.0,802.4,739.7,118352.0,36423.1,78.3
MarlinFirmware/Marlin,https://github.com/MarlinFirmware/Marlin,C++,17388,2011-08-13T08:07:20Z,0,3,160.0,15.214861111111112,42.47638888888889,399,0.5974,66,0.0,1,2.0,1,0.98,1,14.785,-0.1434,64.15,0.38,0,0.2209,0.0,20290,1014500,1623200,10145,108213.3,6070.7,3441.72,550675.7,166063.0,84.0
microsoft/react-native-windows,https://github.com/microsoft/react-native-windows,C++,17253,2015-12-15T00:16:54Z,0,3,160.02,16.851527777777775,315.81916666666666,216,0.2087,22,0.0,1,1.0,1,0.64,0,8.659,-0.535,5.76,0.08,47,0.5003,0.0,7001,350050,560080,3500,37338.7,3639.9,1126.02,180163.9,55794.1,82.9
abseil/abseil-cpp,https://github.com/abseil/abseil-cpp,C++,17247,2017-09-20T15:10:30Z,0,3,160.0,101.39611111111111,30.876111111111108,263,0.2577,42,0.0,1,0.0,1,0.9,0,11.999,0.458,48.45,0.02,0,0.0816,0.0,1688,84400,135040,844,9002.7,26667.2,252.85,40456.7,20592.8,82.4
doitsujin/dxvk,https://github.com/doitsujin/dxvk,C++,17082,2017-10-11T13:34:29Z,1,3,160.02,5.852777777777778,12.307916666666667,167,0.7251,59,0.0,1,1.0,1,1.0,0,9.669,-1.9056,42.6,0.08,0,0.0241,0.0,7803,390150,624240,3901,41616.0,977.4,1514.21,242273.4,69555.9,77.7
moonlight-stream/moonlight-qt,https://github.com/moonlight-stream/moonlight-qt,C++,17050,2018-04-28T22:41:42Z,1,3,160.0,76.90375,99.84958333333333,138,0.8926,56,0.0,1,0.0,1,0.72,0,13.392,0.2657,76.39,0.43,0,0.1983,0.0,3146,157300,251680,1573,16778.7,10612.7,583.39,93342.1,30241.6,76.0
ZLMediaKit/ZLMediaKit,https://github.com/ZLMediaKit/ZLMediaKit,C++,17010,2017-04-01T08:30:25Z,1,3,160.0,6.986944444444444,118.76958333333334,153,0.8159,65,0.0,1,2.0,1,0.98,1,11.088,0.028,0.0,0.3,0,0.1653,0.0,4508,225400,360640,2254,24042.7,1069.0,851.13,136180.2,39578.1,81.8
audacity/audacity,https://github.com/audacity/audacity,C++,16926,2015-03-26T10:46:17Z,1,3,160.0,8.343333333333334,108.75958333333332,238,0.466,54,0.0,1,1.5,1,0.88,0,11.914,-2.5944,36.14,0.02,0,0.492,0.0,19152,957600,1532160,9576,102144.0,1985.7,3239.33,518292.1,155326.1,80.3
NixOS/nix,https://github.com/NixOS/nix,C++,16818,2012-02-08T10:17:59Z,0,3,160.0,142.51527777777778,38.4075,387,0.4711,8,0.0,1,1.0,1,0.78,1,13.986,-4.7098,0.0,0.28,0,0.2145,0.0,22610,1130500,1808800,11305,120586.7,55153.4,3856.07,616971.8,200233.7,85.3
espressif/arduino-esp32,https://github.com/espressif/arduino-esp32,C++,16736,2016-10-06T06:04:20Z,0,3,160.04,8.475694444444443,23.620833333333334,439,0.3145,72,0.0,1,2.0,1,0.52,1,8.971,-0.1608,15.96,0.07,7,0.2567,0.0,3691,184550,295280,1845,19685.3,3720.8,574.95,91992.2,29357.3,86.9
apache/arrow,https://github.com/apache/arrow,C++,16726,2016-02-17T08:00:23Z,1,3,160.01,1.5327777777777778,25.97083333333333,370,0.1175,1,0.0,1,1.5,1,0.54,0,15.179,-0.2972,26.1,0.11,0,0.2885,0.0,16415,820750,1313200,8207,87546.7,567.1,2755.07,440811.2,132105.7,83.7
zerotier/ZeroTierOne,https://github.com/zerotier/ZeroTierOne,C++,16716,2013-04-24T13:21:10Z,0,3,160.0,93.78861111111111,120.18833333333333,96,0.6345,47,0.0,1,1.0,1,0.92,0,15.512,-0.2098,74.94,0.01,0,0.2137,0.0,6558,327900,524640,3279,34976.0,9003.7,1051.33,168213.1,53831.7,78.7
esp8266/Arduino,https://github.com/esp8266/Arduino,C++,16609,2015-03-27T05:22:06Z,47,3,160.04,12.947083333333333,17.181666666666665,407,0.2627,78,0.0,1,1.0,1,0.84,1,13.787,-0.0035,116.84,0.3,3,0.3927,0.0,4039,201950,323120,2019,21541.3,5269.5,632.0,101120.0,32575.5,83.5
ceph/ceph,https://github.com/ceph/ceph,C++,16567,2011-09-01T21:41:26Z,0,3,160.0,2.5495833333333335,0.0,289,0.1331,68,0.0,1,1.0,1,0.8,0,15.508,-5.6294,0.0,0.07,0,0.379,0.0,90243,4512150,7219440,45121,481296.0,736.8,16493.54,2638966.8,768662.4,83.7
AaronFeng753/Waifu2x-Extension-GUI,https://github.com/AaronFeng753/Waifu2x-Extension-GUI,C++,16532,2020-01-20T10:01:28Z,7,3,160.06,0.41194444444444445,11.324166666666667,4,0.994,5,0.0,1,0.0,0,0.0,0,6.846,-0.0035,2.17,0.41,0,0.0032,0.0,2487,124350,198960,1243,13264.0,1.6,455.8,72927.4,21218.0,52.5
tindy2013/subconverter,https://github.com/tindy2013/subconverter,C++,16519,2019-10-31T04:51:54Z,71,3,160.22,12.830555555555556,268.3915277777778,48,0.8898,51,0.0,1,2.0,1,0.7037,0,7.221,-0.0629,121.55,0.17,0,0.0212,0.0,717,35850,57360,358,3824.0,615.9,123.48,19757.2,6048.2,65.9
rui314/mold,https://github.com/rui314/mold,C++,16467,2020-09-29T05:12:48Z,1,3,160.0,4.446944444444444,16.469444444444445,125,0.9397,63,0.0,1,3.0,1,0.76,1,17.1,0.7308,44.17,0.35,0,0.2311,0.0,7544,377200,603520,3772,40234.7,555.9,1461.48,233836.7,67051.5,80.5
yhirose/cpp-httplib,https://github.com/yhirose/cpp-httplib,C++,16453,2012-09-22T02:38:32Z,0,3,160.09,6.107638888888889,7.487361111111111,225,0.7507,74,0.0,1,3.5,1,0.74,1,15.314,-0.6748,11.89,0.43,0,0.043,0.0,1865,93250,149200,932,9946.7,1374.2,336.92,53906.8,16167.0,82.5
Snapchat/Valdi,https://github.com/Snapchat/Valdi,C++,16381,2025-11-06T17:33:28Z,0,3,160.0,0.0,2415.920833333333,45,0.2671,0,0.0,1,0.0,1,0.52,0,6.642,0.007,37.2,0.16,2,0.6148,0.0,292,14600,23360,146,1557.3,0.0,40.07,6410.6,2060.8,71.7
MHSanaei/3x-ui,https://github.com/MHSanaei/3x-ui,Go,36428,2023-02-09T19:16:57Z,0,3,160.08,3.7202777777777776,12.016111111111112,167,0.6492,34,0.0,1,2.0,1,0.94,0,7.759,3.1434,17.33,0.15,0,0.5667,0.0,2041,102050,163280,1020,10885.3,621.3,308.65,49383.8,15505.8,78.5
apple/foundationdb,https://github.com/apple/foundationdb,C++,16313,2017-12-14T01:40:42Z,0,3,160.0,13.704722222222221,0.0,285,0.1041,61,0.0,1,2.0,1,0.98,1,5.584,11.0105,29.53,0.05,0,0.3634,0.0,28502,1425100,2280160,14251,152010.7,3905.8,4917.55,786808.1,234538.7,89.0
chenshuo/muduo,https://github.com/chenshuo/muduo,C++,16081,2010-05-05T12:58:02Z,137,3,160.0,13.664444444444445,126.36722222222222,48,0.8788,46,0.0,1,0.0,0,0.0,0,15.967,0.0,171.34,0.05,0,0.042,0.0,792,39600,63360,396,4224.0,655.9,137.08,21932.7,6695.3,51.7
wolfpld/tracy,https://github.com/wolfpld/tracy,C++,15901,2020-03-17T19:43:04Z,0,3,160.02,3.825555555555556,57.31041666666667,202,0.9021,78,0.0,1,1.0,1,0.98,1,15.142,1.6049,92.82,0.16,0,0.055,0.0,9725,486250,778000,4862,51866.7,772.8,1908.07,305291.7,87223.5,81.0
imputnet/helium,https://github.com/imputnet/helium,C++,15596,2025-02-15T11:43:15Z,0,3,160.05,1.823611111111111,8.046527777777778,101,0.3951,81,0.0,1,1.5,1,0.96,0,9.676,2.049,3.17,0.28,0,0.084,0.0,3359,167950,268720,1679,17914.7,184.2,520.78,83324.0,25677.4,81.0
OpenRCT2/OpenRCT2,https://github.com/OpenRCT2/OpenRCT2,C++,15592,2014-04-01T23:32:25Z,1,3,160.01,1.091388888888889,15.481111111111112,365,0.2206,87,0.0,1,2.0,1,0.98,1,14.081,-2.2238,25.5,0.33,0,0.0169,0.0,29403,1470150,2352240,14701,156816.0,398.4,5080.9,812944.6,241116.4,87.7
wazuh/wazuh,https://github.com/wazuh/wazuh,C++,15534,2015-08-11T17:39:03Z,0,3,160.0,19.840416666666666,0.3541666666666667,217,0.1047,62,0.0,1,2.5,1,0.42,1,10.977,-6.479,18.99,0.01,0,0.5917,0.0,38938,1946900,3115040,19469,207669.3,4305.4,6823.73,1091797.4,323485.8,89.0
scylladb/scylladb,https://github.com/scylladb/scylladb,C++,15531,2014-12-24T13:16:33Z,0,3,160.0,45.51833333333333,20.18638888888889,180,0.1434,55,0.0,1,3.0,1,0.88,1,14.436,-8.4615,0.0,0.02,0,0.2749,0.0,48972,2448600,3917760,24486,261184.0,8193.3,8681.1,1388976.7,410845.3,88.6
official-stockfish/Stockfish,https://github.com/official-stockfish/Stockfish,C++,15468,2014-06-18T19:59:53Z,5,3,160.02,13.408333333333333,71.1151388888889,254,0.4662,6,0.0,1,0.0,1,0.66,1,13.466,0.993,156.44,0.33,0,0.1185,0.0,6579,328950,526320,3289,35088.0,3405.7,1054.87,168778.7,52321.5,84.9
hoffstadt/DearPyGui,https://github.com/hoffstadt/DearPyGui,C++,15412,2020-05-28T17:12:57Z,4,3,160.05,1.4627777777777777,674.4472222222223,70,0.8164,50,0.0,1,1.0,1,0.7,0,7.712,-0.0559,73.94,0.05,0,0.2197,0.0,3039,151950,243120,1519,16208.0,102.4,562.57,90011.5,26137.0,76.5
alibaba/MNN,https://github.com/alibaba/MNN,C++,15139,2019-04-15T07:40:18Z,0,3,160.0,16.090138888888887,223.11166666666668,151,0.2179,64,0.0,1,1.0,1,0.72,1,10.578,-0.1783,65.47,0.02,0,0.109,0.0,2400,120000,192000,1200,12800.0,2429.6,365.89,58542.5,18837.4,87.8
dogecoin/dogecoin,https://github.com/dogecoin/dogecoin,C++,15117,2013-12-06T11:38:05Z,2,3,160.0,3.016111111111111,43.47888888888889,346,0.3639,51,0.0,1,1.0,1,0.9,0,16.016,0.2727,186.07,0.33,0,0.3627,0.0,12096,604800,967680,6048,64512.0,1043.6,1999.42,319906.9,96550.5,81.2
ArduPilot/ardupilot,https://github.com/ArduPilot/ardupilot,C++,15038,2013-01-09T00:58:52Z,0,3,160.0,1.3508333333333333,7.102083333333333,311,0.2217,3,0.0,1,1.0,1,0.8,1,13.501,-3.2413,44.21,0.09,40,0.3831,0.0,60844,3042200,4867520,30422,324501.3,420.1,10903.31,1744529.7,511282.6,87.8
dolphin-emu/dolphin,https://github.com/dolphin-emu/dolphin,C++,15005,2013-07-22T09:07:57Z,1,3,160.0,32.869166666666665,0.0,368,0.104,68,0.0,1,2.0,0,0.0,0,13.983,-1.4615,0.0,0.33,0,0.1075,0.0,43992,2199600,3519360,21996,234624.0,12095.9,7756.61,1241058.1,369152.4,73.9
lynx-family/lynx,https://github.com/lynx-family/lynx,C++,14850,2025-03-04T07:41:43Z,0,3,160.0,8.706388888888888,0.0,90,0.0723,39,0.0,1,0.0,1,0.74,0,9.671,1.8462,19.66,0.16,22,0.3158,0.0,3168,158400,253440,1584,16896.0,783.6,489.73,78356.3,24354.3,84.3
PCSX2/pcsx2,https://github.com/PCSX2/pcsx2,C++,14821,2013-12-22T17:56:48Z,0,3,160.0,11.655,31.583055555555557,319,0.1485,68,0.0,1,2.0,1,0.62,1,11.781,-0.6573,0.55,0.29,0,0.1083,0.0,16564,828200,1325120,8282,88341.3,3717.9,2781.33,445013.5,134288.7,88.5
xournalpp/xournalpp,https://github.com/xournalpp/xournalpp,C++,14711,2013-08-08T20:58:27Z,4,3,160.03,1.6359722222222222,13.000555555555556,223,0.1715,76,0.0,1,1.0,1,0.32,1,11.913,-1.1993,78.38,0.38,0,0.0666,0.0,4747,237350,379760,2373,25317.3,364.8,748.81,119809.1,36729.9,88.0
transmission/transmission,https://github.com/transmission/transmission,C++,14675,2015-05-05T23:53:02Z,6,3,160.0,100.94208333333333,159.46166666666667,260,0.6911,42,0.0,1,1.0,1,0.56,1,16.217,-2.1049,226.05,0.13,0,0.2689,0.0,11590,579500,927200,5795,61813.3,26244.9,1911.69,305870.3,99954.2,82.6
ggml-org/ggml,https://github.com/ggml-org/ggml,C++,14611,2022-09-18T17:07:19Z,2,3,160.0,61.19833333333333,90.52055555555555,440,0.2869,69,0.0,1,1.0,1,0.18,1,12.764,0.2378,24.13,0.09,5,0.4276,0.0,3604,180200,288320,1802,19221.3,26927.3,560.73,89716.8,35632.2,87.0
musescore/MuseScore,https://github.com/musescore/MuseScore,C++,14552,2012-05-26T12:46:33Z,1,3,160.0,23.805694444444445,28.606527777777778,347,0.1153,74,0.0,1,2.0,1,0.96,1,10.583,-5.8986,36.9,0.03,14,0.3062,0.0,46644,2332200,3731520,23322,248768.0,8260.6,8248.32,1319730.7,390808.3,88.8
davisking/dlib,https://github.com/davisking/dlib,C++,14378,2014-01-29T00:45:33Z,2,3,160.0,7.113333333333333,1097.9116666666669,189,0.9131,71,0.0,1,4.0,1,0.94,0,12.384,0.0804,106.97,0.4,2,0.0241,0.0,8296,414800,663680,4148,44245.3,1344.4,1614.82,258370.6,74200.1,75.7
sogou/workflow,https://github.com/sogou/workflow,C++,14345,2020-07-29T05:47:01Z,0,3,160.07,0.0,202.68347222222224,32,0.7525,0,0.0,1,1.0,1,0.98,1,8.142,0.028,19.03,0.12,0,0.2279,0.0,2303,115150,184240,1151,12282.7,0.0,420.46,67272.8,19595.9,82.5
M2Team/NanaZip,https://github.com/M2Team/NanaZip,C++,14278,2021-08-30T22:59:59Z,1,3,160.0,4.761111111111111,270.2522222222222,36,0.8942,85,0.0,1,1.0,1,0.72,0,11.288,-1.4476,77.97,0.39,0,0.4236,0.0,1446,72300,115680,723,7712.0,171.4,257.92,41267.5,12160.9,76.0
arangodb/arangodb,https://github.com/arangodb/arangodb,C++,14162,2011-10-26T06:42:00Z,1,3,160.0,5.1130555555555555,0.0,125,0.3638,79,0.0,1,1.0,1,1.0,1,14.116,-0.8357,0.0,0.0,0,0.359,0.0,49501,2475050,3960080,24750,264005.3,639.1,8779.59,1404735.0,413141.4,86.3
dail8859/NotepadNext,https://github.com/dail8859/NotepadNext,C++,14100,2019-11-27T16:06:10Z,0,3,160.16,12.835555555555555,47.69277777777778,64,0.8634,83,0.0,1,0.0,1,0.96,0,12.848,0.2378,55.95,0.5,0,0.5376,0.0,981,49050,78480,490,5232.0,821.5,171.62,27458.9,8354.2,76.1
webview/webview,https://github.com/webview/webview,C++,14049,2017-08-19T08:26:00Z,61,3,160.0,15.891388888888889,39.649027777777775,91,0.4293,35,0.0,1,1.0,1,0.86,0,13.501,-0.042,0.0,0.26,0,0.2076,0.0,608,30400,48640,304,3242.7,1446.1,86.54,13846.8,4824.5,69.7
carla-simulator/carla,https://github.com/carla-simulator/carla,C++,13935,2017-10-24T09:06:23Z,0,3,160.0,71.7675,36.789027777777775,161,0.252,93,0.0,1,2.0,1,0.14,0,10.872,0.2937,115.58,0.01,1,0.2044,0.0,6158,307900,492640,3079,32842.7,11554.6,984.1,157456.8,51379.1,82.5
organicmaps/organicmaps,https://github.com/organicmaps/organicmaps,C++,13922,2020-12-27T19:02:26Z,0,3,160.0,14.705277777777777,5.198888888888889,291,0.1461,85,0.0,1,1.0,1,0.72,0,14.887,0.0629,10.82,0.45,8,0.3108,0.0,34557,1727850,2764560,17278,184304.0,4279.2,6019.95,963191.3,286074.0,83.5
mltframework/shotcut,https://github.com/mltframework/shotcut,C++,13907,2012-04-23T22:37:04Z,0,3,160.02,19.223333333333333,24.91111111111111,66,0.8496,73,0.0,1,2.0,1,0.86,0,14.58,0.2692,13.84,0.15,0,0.4671,0.0,7099,354950,567920,3549,37861.3,1268.7,1371.1,219375.4,63186.3,76.5
mobile-shell/mosh,https://github.com/mobile-shell/mosh,C++,13889,2011-01-09T09:41:02Z,48,3,160.11,11.302222222222222,4.091388888888889,70,0.4969,25,0.0,1,1.0,1,0.88,0,15.696,-0.2203,511.83,0.24,0,0.3114,0.0,1451,72550,116080,725,7738.7,791.2,215.72,34514.4,11009.6,76.0
drogonframework/drogon,https://github.com/drogonframework/drogon,C++,13861,2018-04-27T02:49:26Z,1,3,160.08,0.3963888888888889,99.85472222222222,170,0.6931,69,0.0,1,1.0,1,0.8,0,9.779,0.2657,49.53,0.12,0,0.0416,0.0,1981,99050,158480,990,10565.3,67.4,299.13,47860.6,14875.0,78.0
hrydgard/ppsspp,https://github.com/hrydgard/ppsspp,C++,13768,2012-11-01T08:41:48Z,3,3,160.0,1.3543055555555554,52.30263888888889,357,0.5674,86,0.0,1,1.0,1,0.98,0,16.337,-6.3811,75.47,0.16,0,0.3239,0.0,44325,2216250,3546000,22162,236400.0,483.5,7818.27,1250924.0,368529.9,79.1
OrcaSlicer/OrcaSlicer,https://github.com/OrcaSlicer/OrcaSlicer,C++,13740,2022-07-16T11:01:21Z,0,3,160.0,13.894583333333333,80.46972222222223,406,0.1311,68,0.0,1,1.0,1,0.82,1,10.89,-0.6154,37.51,0.38,0,0.1739,0.0,27986,1399300,2238880,13993,149258.7,5641.2,4824.11,771858.3,230693.4,88.7
qgis/QGIS,https://github.com/qgis/QGIS,C++,13714,2011-05-02T08:06:26Z,0,3,160.0,4.697222222222222,24.910138888888888,344,0.2721,51,0.0,1,1.0,1,0.66,1,15.059,-3.9965,16.1,0.05,0,0.2185,0.0,92552,4627600,7404160,46276,493610.7,1615.8,16936.94,2709909.7,789272.0,87.3
facebook/watchman,https://github.com/facebook/watchman,C++,13577,2012-11-29T23:35:52Z,0,3,160.0,24.734305555555558,351.35555555555555,314,0.4046,24,0.0,1,0.0,1,0.34,0,16.437,0.1608,2.55,0.13,0,0.5634,0.0,4434,221700,354720,2217,23648.0,7766.6,697.05,111528.3,36459.6,81.0
isl-org/Open3D,https://github.com/isl-org/Open3D,C++,13567,2016-12-02T16:40:38Z,2,3,160.0,9.472222222222221,241.245,239,0.1951,73,0.0,1,1.0,1,0.58,0,12.367,-0.2378,74.41,0.09,0,0.1797,0.0,3946,197300,315680,1973,21045.3,2263.9,616.73,98676.7,30937.2,82.9
google/or-tools,https://github.com/google/or-tools,C++,13454,2015-02-21T01:25:35Z,2,3,160.0,9.910833333333333,31.849583333333335,147,0.478,59,0.0,1,1.0,1,0.58,0,12.186,-0.0664,44.15,0.02,0,0.2081,0.0,11792,589600,943360,5896,62890.7,1456.9,1946.69,311470.3,94176.5,80.1
google-deepmind/mujoco,https://github.com/google-deepmind/mujoco,C++,13408,2021-08-27T12:25:48Z,0,3,160.0,50.75805555555556,169.63361111111112,105,0.2475,58,0.0,1,1.0,1,0.68,1,9.675,-0.4476,13.79,0.09,0,0.6281,0.0,4480,224000,358400,2240,23893.3,5329.6,704.65,112743.5,36094.2,87.5
capnproto/capnproto,https://github.com/capnproto/capnproto,C++,13016,2013-03-29T02:38:48Z,1,3,160.03,9.329305555555557,34.81777777777778,220,0.6864,74,0.0,1,1.0,1,0.62,0,13.547,0.0629,0.0,0.04,0,0.0609,0.0,5147,257350,411760,2573,27450.7,2052.4,815.2,130431.2,40427.3,78.1
NVIDIA/TensorRT,https://github.com/NVIDIA/TensorRT,C++,12971,2019-05-02T22:02:08Z,26,3,160.0,2.828611111111111,59.74347222222222,81,0.3379,63,0.0,1,1.0,1,0.9,0,10.553,-0.0594,20.63,0.04,0,0.0203,0.0,586,29300,46880,293,3125.3,229.1,83.26,13321.2,4295.6,73.2
acaudwell/Gource,https://github.com/acaudwell/Gource,C++,12957,2009-09-11T04:24:26Z,64,3,160.0,84.64347222222221,148.63416666666666,39,0.9029,34,0.0,1,2.0,1,1.0,1,16.407,-0.0245,275.07,0.05,0,0.1885,0.0,906,45300,72480,453,4832.0,3301.1,157.87,25259.0,8458.1,74.2
ninja-build/ninja,https://github.com/ninja-build/ninja,C++,12929,2011-02-06T19:07:12Z,1,3,160.05,7.567222222222222,155.31,287,0.3467,72,0.0,1,2.0,1,0.72,1,17.557,-0.5455,183.29,0.24,0,0.1586,0.0,3277,163850,262160,1638,17477.3,2171.8,507.43,81189.5,25628.1,86.4
assimp/assimp,https://github.com/assimp/assimp,C++,12920,2010-05-05T12:53:45Z,1,3,160.02,5.9127777777777775,151.37,337,0.5589,83,0.0,1,1.0,1,0.86,1,13.51,-0.1538,170.13,0.17,0,0.3008,0.0,10381,519050,830480,5190,55365.3,1992.6,1702.87,272458.8,82772.2,84.3
luanti-org/luanti,https://github.com/luanti-org/luanti,C++,12852,2011-08-07T13:48:36Z,0,3,160.0,26.63138888888889,27.108472222222222,325,0.1515,15,0.0,1,2.0,1,0.76,0,15.289,-0.2238,66.41,0.18,0,0.1934,0.0,11384,569200,910720,5692,60714.7,8655.2,1876.03,300164.5,92986.8,83.5
vnotex/vnote,https://github.com/vnotex/vnote,C++,12810,2016-10-05T07:24:54Z,0,3,160.06,13.330555555555556,123.46277777777777,47,0.9513,78,0.0,1,2.0,1,0.4,1,12.54,1.8147,82.55,0.07,0,0.3104,0.0,2487,124350,198960,1243,13264.0,626.5,455.8,72927.4,21405.4,80.5
deepseek-ai/FlashMLA,https://github.com/deepseek-ai/FlashMLA,C++,12641,2025-02-21T06:31:27Z,9,3,160.0,7.208333333333333,190.775,15,0.34,19,0.0,1,6.0,1,0.0,1,8.953,0.035,0.0,0.0333,0,0.5105,0.0,50,2500,4000,25,266.7,108.1,6.28,1005.0,366.8,67.8
skypjack/entt,https://github.com/skypjack/entt,C++,12637,2017-03-27T13:15:36Z,2,3,160.0,13.938055555555556,259.11,83,0.9844,57,0.0,1,1.0,1,1.0,1,13.937,-1.4196,71.11,0.03,0,0.0086,0.0,7394,369700,591520,3697,39434.7,1156.9,1430.98,228957.2,65855.9,80.0
zealdocs/zeal,https://github.com/zealdocs/zeal,C++,12621,2013-01-20T01:50:30Z,0,3,160.08,20.249861111111112,104.79916666666666,69,0.798,68,0.0,1,1.0,1,0.82,0,15.13,0.8881,447.63,0.62,0,0.0505,0.0,2119,105950,169520,1059,11301.3,1397.2,385.26,61640.8,18398.0,77.0
mapeditor/tiled,https://github.com/mapeditor/tiled,C++,12524,2011-02-27T15:18:22Z,2,3,160.0,99.25208333333333,27.78,392,0.7727,26,0.0,1,1.5,1,1.0,1,15.262,-0.9021,93.89,0.06,0,0.1302,0.0,6794,339700,543520,3397,36234.7,38906.8,1309.31,209489.8,71687.4,82.1
AutoHotkey/AutoHotkey,https://github.com/AutoHotkey/AutoHotkey,C++,12334,2009-11-25T11:08:21Z,6,3,160.03,619.7534722222222,0.0,25,0.9232,52,0.0,1,0.0,0,0.0,0,16.906,-0.2098,79.2,0.45,0,0.2792,0.0,4937,246850,394960,2468,26330.7,15493.8,936.37,149819.1,47777.3,65.3
CleverRaven/Cataclysm-DDA,https://github.com/CleverRaven/Cataclysm-DDA,C++,12309,2012-09-26T22:57:43Z,0,3,160.0,4.480833333333333,31.36777777777778,359,0.0818,73,0.0,1,1.0,1,0.72,1,12.032,1.7972,0.14,0.31,0,0.0374,0.0,110868,5543400,8869440,55434,591296.0,1608.6,20472.75,3275640.7,951258.7,89.2
mysql/mysql-server,https://github.com/mysql/mysql-server,C++,12262,2014-09-26T09:31:03Z,16,3,160.0,0.0,0.0,113,0.0891,0,0.0,1,0.0,0,0.0,0,12.438,0.0,0.0,0.09,0,0.1506,0.0,44532,2226600,3562560,22266,237504.0,0.0,7856.62,1257058.6,370163.7,72.8
cameron314/concurrentqueue,https://github.com/cameron314/concurrentqueue,C++,12256,2014-11-06T05:29:05Z,11,3,160.53,5.380972222222223,22.48361111111111,46,0.7115,50,0.0,1,1.0,0,0.0,1,15.599,0.021,426.99,0.33,0,0.0413,0.0,305,15250,24400,152,1626.7,247.5,50.33,8052.8,2498.2,61.5
Z3Prover/z3,https://github.com/Z3Prover/z3,C++,12232,2015-03-26T18:16:07Z,1,3,160.01,4.446944444444444,25.88361111111111,320,0.5905,35,0.0,1,2.0,1,0.56,0,13.136,-16.6643,55.72,0.3,0,0.1331,0.0,21227,1061350,1698160,10613,113210.7,1423.0,3608.8,577408.0,172513.9,79.0
